index,Country,Legislation
0,AFGHANISTAN,Mass Media Law 2006
1,AFGHANISTAN,Article 45:
2,AFGHANISTAN,"Production, reproduction, print and publishing of the following reports and material in mass media, and agencies mentioned in article (27) of this law are not permissible:"
3,AFGHANISTAN,"
Works and materials those are contrary to the principles and provisions of the holy religion of Islam.
Works and materials that are offensive to other religions and sects.
Works and materials which are defamatory, insulting and offensive to real or legal persons.
Works and materials which are considered libellous/defamatory to real and legal persons, and cause damage to their personality and credibility.
Works and materials which are contrary to the Constitution and are considered a crime by the Penal Code.
Publicizing and dissemination (promoting) of religions other than the holy religion of Islam.
Disclosure of identity and broadcasting of pictures of the victims of violence and rape in a way so as to damage their social dignity.
Works and material that harm the psychological security and moral wellbeing of people, especially children and adolescents.
"
4,AFGHANISTAN,Criminal Code
5,AFGHANISTAN,Article 236:
6,AFGHANISTAN,"1. A person who distributes or supplies or possesses, for the purpose of trade or hire, publications, writings, paintings, slides, statues, engraved pictures, code signs or other articles and pictures, which are in contradiction with culture and public ethics, shall be sentenced in the light of circumstances to imprisonment of not more than 2 years or a fine of not more than 24,000 Afghanis."
7,AFGHANISTAN,"2. A person who himself, or through someone else, intentionally exports or imports or transports the articles mentioned in the above paragraph for the purpose of moral corruption or those mentioned in the above paragraph, or makes them public or sells them or puts them on sale, even if not publicly, or gives to someone else secretly or openly, even if freely, or distributes them or gives to someone else for distribution, shall be sentenced, in the light of circumstances to imprisonment of not more than 2 years or a fine of not more than 12,000 Afghanis."
8,AFGHANISTAN,"3. A person who, by open means, makes speeches or sings songs which are contrary to public manners or invites people to moral corruption and delinquency or propagates advertisements or articles for this purpose shall be sentenced to the same punishment as paragraph 2 of this article."
9,AFGHANISTAN,"4. In case of a repetition of the crimes mentioned in the above paragraphs, the person committing the crime shall be sentenced to the maximum anticipated punishment."
10,AFGHANISTAN,"


Status of country in relation to the ICCPR



Accession
Succession
Ratification
Declaration/Reservation to Article 20(2)


Afghanistan
x


No


"
11,AFGHANISTAN,Back to the top
12,AFGHANISTAN,
13,AFGHANISTAN,
