index,Country,Legislation
14,ALBANIA,Criminal Code
15,ALBANIA,Article 119/a: Dissemination of racist or xenophobic material through the computer system
16,ALBANIA,"Offering in public or deliberately disseminating to the public through computer systems, material with racist or xenophobic content, constitutes a criminal misdemeanour and is punishable by a fine or imprisonment of up to two years."
17,ALBANIA,Article 119/b: Insulting due to racist or xenophobic motives through the computer system 
18,ALBANIA,"The intentional insulting of a person in public, through a computer system, because of ethnicity, nationality, race or religion constitutes a criminal misdemeanour and is punishable by a fine or imprisonment of up to two years."
19,ALBANIA,Article 265: Incitement of hatred or disputes 
20,ALBANIA,"Inciting hate or disputes on the grounds of race, ethnicity, religion or sexual orientation, as well as intentional preparation, dissemination or preservation for purposes of distributing writings with such content, by any means or forms, shall be punishable by imprisonment of two to ten years."
21,ALBANIA,Article 266: Calls for national hatred 
22,ALBANIA,"Endangering public peace by calling for national hatred against other parts of the population, by insulting or defaming them, or by requesting the use of force or arbitrary actions against them, is punishable by imprisonment of two to eight years."
23,ALBANIA,"


Status of country in relation to the ICCPR



Accession
Succession
Ratification
Declaration/Reservation to Article 20(2)


Albania
x


No


"
24,ALBANIA,Back to the top
25,ALBANIA,
26,ALBANIA,
