index,Country,Legislation
39,ANDORRA,Criminal Code 
40,ANDORRA,Information taken from secondary source (UN CERD)
41,ANDORRA,"Article 338.1: lists the following unlawful acts of discrimination, which are punishable by imprisonment for a term of 3 months to 3 years:"
42,ANDORRA,"
Incitement to violence, hatred or discrimination against a person or group of persons;
Public abuse, slander, defamation or threats targeting a person or group of persons;
Public expression, by any means, of an ideology or doctrine that asserts the superiority of, or demeans or vilifies a group of persons;
Public dissemination or distribution of any material containing images or other expressions of the acts mentioned above.
"
43,ANDORRA,"Article 338 bis: the unlawful acts of possessing or producing any material containing images or expressions of the acts envisaged in article 338, paragraph 1 (a), (b) and (c), are punished by imprisonment of up to 1 year, provided that the material is intended for public dissemination"
44,ANDORRA,"Article 338.2: any public authority or official who, in his or her official capacity, commits any of the offences listed in article 338.1 is subject to a penalty of disqualification from public office for up to four years."
45,ANDORRA,"Article 338.4: provides for imprisonment for a term of up to 1 year and disqualification from public office for up to three years for the authority or official who, in his or her official capacity, refuses, with the aim of discriminating, to provide a public service or grant an entitlement or other advantage envisaged by law, or who interferes with the granting thereof or who causes the service, entitlement or other advantage to be revoked."
46,ANDORRA,Article 339: Offence to a group
47,ANDORRA,"Whoever, with the intention of insulting and in public, commits acts or utters statements which are seriously offensive expressions for members of a religious, national, ethnical, political group, a syndicate or against persons professing a belief or ideology, shall be punished by a term of imprisonment."
48,ANDORRA,"


Status of country in relation to the ICCPR



Accession
Succession
Ratification
Declaration/Reservation to Article 20(2)


Andorra


x
No


"
49,ANDORRA,Back to the top
50,ANDORRA,
51,ANDORRA,
