index,Country,Legislation
64,ARGENTINA,Law No.23.592: Discriminatory Acts
65,ARGENTINA,"Article 3: Those who participate in an organization or carry out propaganda based on ideas or theories of superiority of a race or of a group of people of a certain religion, ethnic origin or colour, whose objective is to justify or promote racial or religious discrimination in any way, will be punished with imprisonment from one month to three years."
66,ARGENTINA,"The same penalty shall be incurred by those who by any means encourage or initiate persecution or hatred against a person or groups of people because of their race, religion, nationality or political ideas."
67,ARGENTINA,Law No. 26.522: Law of Audiovisual Communication
68,ARGENTINA,"Article 25(c): All actors in the information society must promote the common good, protect privacy and personal data as well as adopt preventive measures and appropriate actions, as established by law, against the abusive use of ICTs, for example, illegal conduct and other acts motivated by racism, racial discrimination, xenophobia and other types of intolerance, hatred, violence, and all forms of child abuse, including paedophilia and child pornography, as well as trafficking and exploitation of human beings."
69,ARGENTINA,"


Status of country in relation to the ICCPR



Accession
Succession
Ratification
Declaration/Reservation to Article 20(2)


Argentina


x
No


"
70,ARGENTINA,Back to the top
71,ARGENTINA,
72,ARGENTINA,
