index,Country,Legislation
73,ARMENIA,Constitution
74,ARMENIA,"Article 77: The use of basic rights and freedoms for the purpose of the violent overthrow of the constitutional order, incitement of national, racial or religious hatred or propaganda of violence or war shall be prohibited."
75,ARMENIA,Criminal Code
76,ARMENIA,"Article 226: Inciting national, racial or religious hatred"
77,ARMENIA,"1. Actions aimed at the incitement of national, racial or religious hatred, at racial superiority or humiliation of national dignity, are punished with a fine in the amount of 200 to 500 minimal salaries, or with correctional labour for up to 2 years, or with imprisonment for a term of 2-4 years."
78,ARMENIA,2. The actions envisaged in part 1 of this Article committed:
79,ARMENIA,"1) publicly or by mass media, with violence or threat of violence;"
80,ARMENIA,2) by abuse of official position; or
81,ARMENIA,"3) by an organized group, are punished with imprisonment for the term of 3 to 6 years."
82,ARMENIA,"Then, the Criminal Code was amended to include:"
83,ARMENIA,"Article 226.2: Public calls for violence, public justification or propaganda of violence"
84,ARMENIA,"1. Gender, race, skin colour, ethnic or social origin, genetic characteristics, language, religion, worldview, political or other views, ethnic minority, property status, birth, disability, age or personal or social status of a person or group of persons. Public calls to use violence due to other circumstances, public justification or propaganda of such violence"
85,ARMENIA,"shall be punished by a fine of fifty to one hundred and fifty times the minimum wage, or by imprisonment for a term not exceeding two months, or by imprisonment for a term not exceeding one year."
86,ARMENIA,"2. The actions provided for in part 1 of this article, which have been committed:"
87,ARMENIA,1) by a group of persons with prior consent or by an organized group
88,ARMENIA,2) using the official position:
89,ARMENIA,"shall be punished by a fine of one hundred and fifty to three hundred times the minimum wage or by imprisonment for a term of two to three months or by imprisonment for a term of one to three years, deprivation of the right to hold certain positions or engage in certain activities for a term of one to three years."
90,ARMENIA,"


Status of country in relation to the ICCPR



Accession
Succession
Ratification
Declaration/Reservation to Article 20(2)


Armenia
x


No


"
91,ARMENIA,Back to the top
92,ARMENIA,
93,ARMENIA,
