index,Country,Legislation
140,AUSTRIA,Criminal Code
141,AUSTRIA,Hate Speech
142,AUSTRIA,Article 283 (1): Whoever publicly 
143,AUSTRIA,"1. Incites to violence against a church or religious society or a characteristic including an existing or missing characteristic of race, skin colour, language, religion or belief, nationality, ancestry, or national or ethnic origin, gender, physical or mental disability, age or the sexual orientation of a group of persons or a member of such a group due to his/her their belonging to the group"
144,AUSTRIA,"2. With the intention of violating the human dignity of others, insults or belittles a member of the above groups of persons in a way that is likely to make this group a subject of contempt in public opinion, or"
145,AUSTRIA,"3. In relation to crimes within the meaning of sections 321 to 321f as well as section 321k, recognized as such by a domestic or an international court that has been legally established, approves, denies, grossly minimizes or justifies the acts against one of the groups specified in item 1 or against a member of such a group expressly because of his/her/their belonging to this group and is committed in a manner that is conducive to violence or hatred or incitement thereto against such a group or against a member of such a group, is punishable by imprisonment for up to two years."
146,AUSTRIA,"2) Anyone who commits an act according to Paragraph 1 in a print, on the radio or in any other manner, whereby the actions referred to in paragraph 1 are made available to the general public, is punishable with imprisonment of up to three years."
147,AUSTRIA,"(3) Anyone who, through an act pursuant to Paragraph 1 or 2, causes other persons to attack one of the persons referred to in Paragraph 1(1) or against a member of such a group because of his or her membership of this group will be punished by imprisonment of six months to five years."
148,AUSTRIA,"(4) Unless a person is already accused of a more severe crime in which this would be implied to entice, encourage or spread hate or violence against a group, or a member of such group either in print, radio, tv or through any other means that makes it available to a large audience, or to justify or defend such spread of violence, enticing content can be punished with a prison sentence of up to one year or a fine of up to 720 day rates."
149,AUSTRIA,Austrian Broadcasting Corporation (ORF) Act
150,AUSTRIA,Principles concerning content
151,AUSTRIA,"Article 10 (2): The programmes must not incite others to hatred on grounds of race, sex, age, disability, religion and nationality."
152,AUSTRIA,"


Status of country in relation to the ICCPR



Accession
Succession
Ratification
Declaration/Reservation to Article 20(2)


Austria


x
No


"
153,AUSTRIA,Back to the top
154,AUSTRIA,
155,AUSTRIA,
