index,Country,Legislation
94,AUSTRALIA,(Federal Law)
95,AUSTRALIA,Criminal Code
96,AUSTRALIA,Section 80.2A:  Urging violence against groups
97,AUSTRALIA,Offences
98,AUSTRALIA,1. A person (the first person) commits an offence if:
99,AUSTRALIA,"
the first person intentionally urges another person, or a group, to use force or violence against a group (the targeted group); and
the first person does so intending that force or violence will occur; and
the targeted group is distinguished by race, religion, nationality, national or ethnic origin or political opinion; and
the use of the force or violence would threaten the peace, order and good government of the Commonwealth.
"
100,AUSTRALIA,Penalty:  Imprisonment for 7 years.
101,AUSTRALIA,2. A person (the first person) commits an offence if:
102,AUSTRALIA,"
the first person intentionally urges another person, or a group, to use force or violence against a group (the targeted group); and
the first person does so intending that force or violence will occur; and
the targeted group is distinguished by race, religion, nationality, national or ethnic origin or political opinion.
"
103,AUSTRALIA,Note: There is a defence in section 80.3 for acts done in good faith.
104,AUSTRALIA,Section 80.2B: Urging violence against members of groups
105,AUSTRALIA,Offences
106,AUSTRALIA,1. A person (the first person) commits an offence if:
107,AUSTRALIA,"
the first person intentionally urges another person, or a group, to use force or violence against a person (the targeted person); and
the first person does so intending that force or violence will occur; and
the first person does so because of his or her belief that the targeted person is a member of a group (the targeted group); and
the targeted group is distinguished by race, religion, nationality, national or ethnic origin or political opinion; and
the use of the force or violence would threaten the peace, order and good government of the Commonwealth.
"
108,AUSTRALIA,Penalty:  Imprisonment for 7 years.
109,AUSTRALIA,2. A person (the first person) commits an offence if:
110,AUSTRALIA,"
the first person intentionally urges another person, or a group, to use force or violence against a person (the targeted person); and
the first person does so intending that force or violence will occur; and
the first person does so because of his or her belief that the targeted person is a member of a group (the targeted group); and
the targeted group is distinguished by race, religion, nationality, national or ethnic origin or political opinion.
"
111,AUSTRALIA,Penalty:  Imprisonment for 5 years.
112,AUSTRALIA,"3. For the purposes of paragraphs (1)(c) and (2)(c), it is immaterial whether the targeted person actually is a member of the targeted group."
113,AUSTRALIA,4. The fault element for paragraphs (1)(d) and (2)(d) is recklessness.
114,AUSTRALIA,Alternative verdict
115,AUSTRALIA,"5. Subsection (6) applies if, in a prosecution for an offence (the prosecuted offence) against subsection (1), the trier of fact:"
116,AUSTRALIA,"
is not satisfied that the defendant is guilty of the offence; but
is satisfied beyond reasonable doubt that the defendant is guilty of an offence (the alternative offence) against subsection (2).
"
117,AUSTRALIA,"6. The trier of fact may find the defendant not guilty of the prosecuted offence but guilty of the alternative offence, so long as the defendant has been accorded procedural fairness in relation to that finding of guilt."
118,AUSTRALIA,Note:  There is a defence in section 80.3 for acts done in good faith.
119,AUSTRALIA,Section 18D: Exemptions 
120,AUSTRALIA,Section 18C does not render unlawful anything said or done reasonably and in good faith:
121,AUSTRALIA,"
in the performance, exhibition or distribution of an artistic work; or
in the course of any statement, publication, discussion or debate made or held for any genuine academic, artistic or scientific purpose or any other genuine purpose in the public interest; or
in making or publishing:
"
122,AUSTRALIA,(i)  a fair and accurate report of any event or matter of public interest; or
123,AUSTRALIA,(ii) a fair comment on any event or matter of public interest if the comment is an expression of a genuine belief held by the person making the comment.
124,AUSTRALIA,Racial Discrimination Act 1975
125,AUSTRALIA,"Section 18C: Offensive behaviour because of race, colour or national or ethnic origin"
126,AUSTRALIA,"(1) It is unlawful for a person to do an act, otherwise than in private, if:"
127,AUSTRALIA,"(a) the act is reasonably likely, in all the circumstances, to offend, insult, humiliate or intimidate another person or a group of people; and"
128,AUSTRALIA,"(b) the act is done because of the race, colour or national or ethnic origin of the other person or of some or all of the people in the group."
129,AUSTRALIA,"Note: Subsection (1) makes certain acts unlawful. Section 46P of the Australian Human Rights Commission Act 1986 allows people to make complaints to the Australian Human Rights Commission about unlawful acts. However, an unlawful act is not necessarily a criminal offence. Section 26 says that this Act does not make it an offence to do an act that is unlawful because of this Part, unless Part IV expressly says that the act is an offence."
130,AUSTRALIA,"(2)  For the purposes of subsection (1), an act is taken not to be done in private if it:"
131,AUSTRALIA,"(a)  causes words, sounds, images or writing to be communicated to the public; or"
132,AUSTRALIA,(b)  is done in a public place; or
133,AUSTRALIA,(c)  is done in the sight or hearing of people who are in a public place.
134,AUSTRALIA,(3)  In this section:
135,AUSTRALIA,"public place includes any place to which the public have access as of right or by invitation, whether express or implied and whether or not a charge is made for admission to the place."
136,AUSTRALIA,"


Status of country in relation to the ICCPR



Accession
Succession
Ratification
Declaration/Reservation to Article 20(2)


Australia


x

Yes (Reservation):
Article 20
“Australia interprets the rights provided for by articles 19, 21 and 22 as consistent with article 20; accordingly, the Commonwealth and the constituent States, having legislated with respect to the subject matter of the article in matters of practical concern in the interest of public order ( ordre public ), the right is reserved not to introduce any further legislative provision on these matters.”


"
137,AUSTRALIA,Back to the top
138,AUSTRALIA,
139,AUSTRALIA,
