index,Country,Legislation
156,AZERBAIJAN,Constitution
157,AZERBAIJAN,Article 47:
158,AZERBAIJAN,"
Every person shall have freedom of thought and speech.
Nobody shall be forced to identify or refuse his/her ideas and principles.
Propaganda inciting racial, ethnic or religious animosity or hostility shall be banned.
"
159,AZERBAIJAN,Criminal Code
160,AZERBAIJAN,"Article 283: Incitement of national, racial, social or religious hate and hostility"
161,AZERBAIJAN,"Article 283.1: Incitement of national, racial, social or religious hate and hostility, humiliation of national advantage, as well as actions directed to restrict citizens’ rights, or establish the superiority of citizens on the basis of their national or racial, social belonging or creed, committed publicly, including by the use of mass media, is punishable by a penalty of eight thousand to twelve thousand Manats or corrective works for a term up to two years, or imprisonment for the term from two to four years."
162,AZERBAIJAN,"Article 283.1-1: Acts provided for in Article 283.1 of the present Code, committed on the grounds of religious animosity, religious radicalism or religious fanaticism shall be punishable by imprisonment for a term of three to five years."
163,AZERBAIJAN,Article 283.2.1: The same acts committed as above with the application of violence or with the threat of its application; (2) by a person using a position of service; (3) by an organized group— is punishable by imprisonment for a term of three to five years.
164,AZERBAIJAN,"Article 283.3: Financing of commission of acts, stipulated in Article 283.1 of the present Code, on the grounds of religious animosity, religious radicalism or religious fanaticism, is punishable by imprisonment for a term of three to five years."
165,AZERBAIJAN,Law on Combatting Religious Extremism
166,AZERBAIJAN,Article 1 Basic Concepts (include):
167,AZERBAIJAN,"Article 1.0.1.5: The actions directed to incitement of national, social or religious hatred, humiliation of national advantage, restriction of the rights or determination of superiority of citizens on national, racial, social or religious characteristics;"
168,AZERBAIJAN,"Article 1.0.2: Religious radicalism is the behaviour expressing commitment to extreme religious views within any religion, showing hard line approval of the exclusiveness of these religious views and is characterized by the use of aggressive methods and means in the distribution of these views;"
169,AZERBAIJAN,Article 3: Purpose of the Law
170,AZERBAIJAN,Article 3.0.1: providing bases of the constitutional system as well as the territorial integrity and safety of the Azerbaijan Republic;
171,AZERBAIJAN,"Article 3.0.2: protection of human rights and freedoms, and also civil laws and freedoms;"
172,AZERBAIJAN,"Article 3.0.3: identification of religious and extremist activities, and minimizing of damage which can be caused as a result of religious extremism;"
173,AZERBAIJAN,"Article 3.0.4: identification and elimination of the reasons and conditions of emergence of religious extremism and implementation of extremist religious activities, financing of religious extremism."
174,AZERBAIJAN,"


Status of country in relation to the ICCPR



Accession
Succession
Ratification
Declaration/Reservation to Article 20(2)


Azerbaijan
x

x
No


"
175,AZERBAIJAN,Back to the top
176,AZERBAIJAN,
177,AZERBAIJAN,
