index,Country,Legislation
188,BANGLADESH,Criminal Code
189,BANGLADESH,"Article153A: Whoever by words, either spoken or written, or by signs, or by visible representations, or otherwise, promotes or attempts to promote feelings of enmity or hatred between different classes of the citizens of Bangladesh, shall be punished with imprisonment which may extend to two years, or with fine, or with both."
190,BANGLADESH,"Digital Security Act, 2018"
191,BANGLADESH,Section 8: Power to remove or block some data-information
192,BANGLADESH,"(1) If any data-information published or propagated in digital media regarding a subject that comes under the purview of Director General which threatens the Digital Security, then the Director General can request the Bangladesh Telecommunications and Regulatory Authority (BTRC) to remove or block the said Data-information as appropriate"
193,BANGLADESH,"(2) If it is evident to law and order enforcing security force that any data –information published or propagated in digital media hampers the nation or any part therein in terms of nations unity, financial activities, security, defense, religious values, public discipline or incites racism and hatred then the law and order enforcing Security force can request BTRC to block or remove the data-information via the Director General of the Agency."
194,BANGLADESH,"Section 28: Publication, Broadcast, etc. of such information in any website or in any electronic format that hampers the religious sentiment or values"
195,BANGLADESH,(1) If any person or group intentionally or knowingly with the aim of hurting religious sentiments or values or with the intention to provoke publish or broadcast anything by means of any website or any electronic format which hurts religious sentiment or values then such activity of that person will be considered an offence
196,BANGLADESH,"(2) If any person commits an offence under sub section (1), the person will be sentenced to a term of imprisonment not exceeding 7 (seven) years or fine not exceeding 10 (ten) lac or both. (3) If any person commits the offence mentioned in sub-section (1) second time or repeatedly, he will be punished with imprisonment not exceeding 10 (ten) years or fine not exceeding 20 (twenty) lac taka or both"
197,BANGLADESH,"Section 31: Deterioration of Act-order, etc. and Punishment"
198,BANGLADESH,"(1) If any person intentionally publish or broadcast any kind of file in any website or digital format which will create hostility, hatred or adversity among people or destroy any communal harmony or create unrest or disorder or deteriorates or threatens to deteriorate the law and order then that activity of that person will be considered as an offence."
199,BANGLADESH,"(2) If any person commits any crime mentioned within sub section (1), the person will be penalized with imprisonment for a term not exceeding to seven years or fine not exceeding Tk. five lac or with both."
200,BANGLADESH,"(3) If any person commits the crime mentioned in sub-section (1) for the second time or recurrently commits it, he will be punished with imprisonment for a term not exceeding 10(ten) years or with fine not exceeding Tk. ten lac or with both."
201,BANGLADESH,Section 38: No Responsibility for the service provider
202,BANGLADESH,"(1) Any service provider will not be responsible under this Act or any rules enacted under this Act for facilitating access to data-information, if it succeeds in proving that, the offence or breach was committed without his knowledge or he took all possible steps to stop the commission of the offence."
203,BANGLADESH,"


Status of country in relation to the ICCPR



Accession
Succession
Ratification
Declaration/Reservation to Article 20(2)


Bangladesh
x


No


"
204,BANGLADESH,Back to the top
205,BANGLADESH,
206,BANGLADESH,
