index,Country,Legislation
212,BELARUS,Criminal Code
213,BELARUS,"Article 130: Incitement to racial, national, religious or other social hostility or discord"
214,BELARUS,"1. Deliberate actions aimed at inciting racial, national, religious or other social enmity or hatred on the basis of racial, national, religious, linguistic or other social affiliation are punished with a fine, or arrest, or restraint of liberty for a term of up to five years, or imprisonment for the same term."
215,BELARUS,"2. The same actions, combined with violence or committed by an official using his official powers are punished with imprisonment for a term of three to ten years."
216,BELARUS,"3. The actions provided for in parts 1 or 2 of this article, committed by a group of persons or entailing, by negligence, the death of a person or other grave consequences, are punished with imprisonment for a term of five to twelve years."
217,BELARUS,"


Status of country in relation to the ICCPR



Accession
Succession
Ratification
Declaration/Reservation to Article 20(2)


Belarus


x
No


"
218,BELARUS,Back to the top
219,BELARUS,
220,BELARUS,
