index,Country,Legislation
221,BELGIUM,Constitution
222,BELGIUM,"Article 150: A jury is sworn in for all criminal matters, as well as for political and press offences, with the exception of press offences motivated by racism or xenophobia."
223,BELGIUM,Anti-Discrimination Act 2007
224,BELGIUM,"Article 22: A person is punished by imprisonment from one month to one year and a fine of fifty Euros to a thousand Euros, or one of these penalties, if:"
225,BELGIUM,"(1) In one of the circumstances referred to in Article 444 of the Penal Code, incites discrimination against a person because of his/her/their protected characteristics"
226,BELGIUM,"(2) A person who, in one of the circumstances referred to in Article 444 of the Criminal Code, incites hatred or violence towards a person, because of one of his/her/their protected characteristics."
227,BELGIUM,"(3) Anyone who, in one of the circumstances referred to in Article 444 of the Criminal Code, incites discrimination or segregation against a group, community or their members due to their protected characteristics"
228,BELGIUM,"(4) Anyone who, in one of the circumstances referred to in Article 444 of the Penal Code, incited hatred or violence towards a group, community or their members, because of one the protected criteria."
229,BELGIUM,Note – Article 444 of the Penal Code provides:
230,BELGIUM,"The culprit will be punished with imprisonment of eight days to one year and a fine of twenty-six Euros to two hundred Euros, when the impugned actions occurred:"
231,BELGIUM,Either in meetings or public places;
232,BELGIUM,"Either in the presence of several individuals, in a non-public place, but open to a certain number of people having the right to assemble or frequent it;"
233,BELGIUM,"Either in any place, in the presence of the offended person and in front of witnesses;"
234,BELGIUM,"Either by printed or unpublished writings, images or emblems displayed, distributed or sold, offered for sale or displayed to the public;"
235,BELGIUM,"Or finally by writings not made public, but addressed or communicated to several people."
236,BELGIUM,"


Status of country in relation to the ICCPR



Accession
Succession
Ratification
Declaration/Reservation to Article 20(2)


Belgium


x

Yes (Declaration):
The Belgian Government declares that it does not consider itself obligated to enact legislation in the field covered by article 20, paragraph 1, and that article 20 as a whole shall be applied taking into account the rights to freedom of thought and religion, freedom of opinion and freedom of assembly and association proclaimed in articles 18, 19 and 20 of the Universal Declaration of Human Rights and reaffirmed in articles 18, 19, 21 and 22 of the Covenant.


"
237,BELGIUM,Back to the top
238,BELGIUM,
239,BELGIUM,
