index,Country,Legislation
251,BHUTAN,Constitution
252,BHUTAN,"Article 22: Notwithstanding the rights conferred by this Constitution, nothing in this Article shall prevent the State from subjecting reasonable restriction by law, when it concerns:"
253,BHUTAN,"(d) Incitement to an offence on the grounds of race, sex, language, religion or region;"
254,BHUTAN,Criminal Code
255,BHUTAN,Section 458: Promotion of civil unrest
256,BHUTAN,"A defendant shall be guilty of the offence of promotion of civil unrest, if the defendant: (a) Advocates national, racial, ethnic, linguistic, caste-based, or religious abhorrence constituting an incitement of violence; or"
257,BHUTAN,"(b) Commits an act that is prejudicial to the maintenance of harmony between different nationalities, racial groups, castes, or religious groups and that disturbs the public tranquillity."
258,BHUTAN,"National Security Act, 1992"
259,BHUTAN,Section 9: Whoever:
260,BHUTAN,"a) by words either spoken or written, or by other means whatsoever, promotes or attempts to promote, on grounds of religion, race, language, caste or community, or on any other ground whatsoever, feelings of enmity or hatred between different religious, racial or language groups or castes and communities, or"
261,BHUTAN,"b) commits any act which is prejudicial to the maintenance of harmony between different religious, racial or language groups or castes or communities, and which disturbs or is likely to disturb the public tranquillity."
262,BHUTAN,c) Shall be punished with imprisonment which may extend to three years.
263,BHUTAN,"


Status of country in relation to the ICCPR



Accession
Succession
Ratification
Declaration/Reservation to Article 20(2)


Bhutan
–
–
–
–


"
264,BHUTAN,Back to the top
265,BHUTAN,
266,BHUTAN,
