index,Country,Legislation
276,BOSNIA AND HERZEGOVINA,Criminal Code (Republika SRPSKA) (2013)
277,BOSNIA AND HERZEGOVINA,"Inciting National, Racial or Religious Hatred, Discord or Hostility"
278,BOSNIA AND HERZEGOVINA,Article 294a: 
279,BOSNIA AND HERZEGOVINA,"(1) Whosoever incites and inflames national, racial or religious hatred, discord or hostility, or spreads ideas of superiority of one race or nation over another, shall be punished by a fine or imprisonment for a term of not more than two years."
280,BOSNIA AND HERZEGOVINA,"(2) Whosoever commits an offence under paragraph 1 above by employing duress and torture, jeopardizing the safety of any person, exposing national, ethnic or religious symbols to derision, damaging other people’s belongings, desecrating monuments or graves, shall be punished by imprisonment for a term of between six months and five years.
(3) Where an offence under paragraphs 1 and 2 above results in riots, violence or any other serious consequence to the co-existence of the constituent peoples and others who live in the Republika Srpska, the offender shall be punished by imprisonment for a term of one to eight years."
281,BOSNIA AND HERZEGOVINA,Criminal Code (Brcko District)
282,BOSNIA AND HERZEGOVINA,"Inducing National, Racial or Religious Hatred, Discord or Hostility"
283,BOSNIA AND HERZEGOVINA,"Article 160 (1): A person who incites or fans national, racial or religious hatred, discord or hostility between constitutional nations and other residents of the Brcko District, shall be sentenced to prison for one to five years."
284,BOSNIA AND HERZEGOVINA,"(2) If the criminal offence referred to in Paragraph 1 of this Article has been committed by coercion, molestation, jeopardizing of safety, exposing to derision of national, ethnic or religious symbols, damaging belongings of another, desecrating monuments, memorials or graves, the perpetrator shall be sentenced to imprisonment for one to eight years."
285,BOSNIA AND HERZEGOVINA,"(3) A person who commits the criminal offence referred to in Paragraph 2 of this Code, through the abuse of his position or authority, or if these offences resulted in disorder, violence, or other grave consequences for the joint life of constitutional nations and others living in the Brcko District, shall be sentenced to imprisonment of one to ten years. (4) Materials and objects containing the message from Paragraph 1 of this Article, as well as all means for their production, copying and distribution shall be confiscated."
286,BOSNIA AND HERZEGOVINA,"


Status of country in relation to the ICCPR



Accession
Succession
Ratification
Declaration/Reservation to Article 20(2)


Bosnia and Herzegovina

x

No


"
287,BOSNIA AND HERZEGOVINA,Back to the top
288,BOSNIA AND HERZEGOVINA,
289,BOSNIA AND HERZEGOVINA,
