index,Country,Legislation
298,BRAZIL,Criminal Code
299,BRAZIL,"The penalty of the crime of insult is majored if the content related to hate speech, also applied in cyberspace."
300,BRAZIL,"Article 140: Insulting another, offending their dignity or decorum:"
301,BRAZIL,"(3) If the insult consists of the use of elements referring to race, colour, ethnicity, religion, origin or the condition of an elderly person or person with a disability:"
302,BRAZIL,Penalty – imprisonment of one to three years and a fine.
303,BRAZIL,Law No 7.716 1989
304,BRAZIL,"Article 20(1): To practise, promote or incite discrimination or prejudice against race, colour, ethnicity, religion or national origin."
305,BRAZIL,Penalty: imprisonment from one to three years and a fine
306,BRAZIL,(2) If any of the crimes provided for in the caput is committed through the media or publication of any nature.
307,BRAZIL,Penalty: imprisonment for two to five years and fine
308,BRAZIL,"


Status of country in relation to the ICCPR



Accession
Succession
Ratification
Declaration/Reservation to Article 20(2)


Brazil
x


No


"
309,BRAZIL,Back to the top
310,BRAZIL,
311,BRAZIL,
