index,Country,Legislation
312,BRUNEI DARUSSALAM,Criminal Code
313,BRUNEI DARUSSALAM,Section 505: Statements conducting to public mischief
314,BRUNEI DARUSSALAM,"Whoever makes, publishes or circulates any statement, rumour or report —"
315,BRUNEI DARUSSALAM,"(c) with intent to incite, or which is likely to incite, any class or community of persons to commit any offence against any other class or community, shall be punished with imprisonment for a term not exceeding 5 years and a fine."
316,BRUNEI DARUSSALAM,"Exception — It does not amount to an offence, within the meaning of this section, when the person making, publishing or circulating any such statement, rumour or report has reasonable grounds for believing that such statement, rumour or report is true and makes, publishes or circulates it without any such intent as aforesaid."
317,BRUNEI DARUSSALAM,"


Status of country in relation to the ICCPR



Accession
Succession
Ratification
Declaration/Reservation to Article 20(2)


Brunei Darussalam
–
–
–
–


"
318,BRUNEI DARUSSALAM,Back to the top
319,BRUNEI DARUSSALAM,
320,BRUNEI DARUSSALAM,
