index,Country,Legislation
321,BULGARIA,Criminal Code
322,BULGARIA,"Article 162 (1): Anyone who, by speech, press or other media, by electronic information systems or in another manner, propagates or incites discrimination, violence or hatred on the grounds of race, nationality or ethnic origin shall be punishable by imprisonment of one to four years and a fine from BGN 5,000 to 10,000, as well as public censure."
323,BULGARIA,"Article 164 (1): A person who propagates or instigates discrimination, violence or hatred on religious basis by speech, through the press or other mass media, through electronic information systems or in another way, shall be punished by imprisonment for up to four years or probation and a fine from BGN five thousand to ten thousand."
324,BULGARIA,"


Status of country in relation to the ICCPR



Accession
Succession
Ratification
Declaration/Reservation to Article 20(2)


Bulgaria


x
No


"
325,BULGARIA,Back to the top
326,BULGARIA,
327,BULGARIA,
