index,Country,Legislation
362,CANADA,Criminal Code
363,CANADA,Public incitement of hatred
364,CANADA,"Article 319 (1) Everyone who, by communicating statements in any public place, incites hatred against any identifiable group where such incitement is likely to lead to a breach of the peace is guilty of:"
365,CANADA,(a) an indictable offence and is liable to imprisonment for a term not exceeding two years; or
366,CANADA,(b) an offence punishable on summary conviction.
367,CANADA,Willful promotion of hatred
368,CANADA,"(2) Everyone who, by communicating statements, other than in private conversation, willfully promotes hatred against any identifiable group is guilty of:"
369,CANADA,(a) an indictable offence and is liable to imprisonment for a term not exceeding two years; or
370,CANADA,(b) an offence punishable on summary conviction.
371,CANADA,Marginal note: Defenses
372,CANADA,(3) No person shall be convicted of an offence under subsection (2)
373,CANADA,(a) if he establishes that the statements communicated were true;
374,CANADA,"(b) if, in good faith, the person expressed or attempted to establish by an argument an opinion on a religious subject or an opinion based on a belief in a religious text;"
375,CANADA,"(c) if the statements were relevant to any subject of public interest, the discussion of which was for the public benefit, and if on reasonable grounds he believed them to be true; or"
376,CANADA,"(d) if, in good faith, he intended to point out, for the purpose of removal, matters producing or tending to produce feelings of hatred toward an identifiable group in Canada."
377,CANADA,—–
378,CANADA,"(7) In this section, communicating includes communicating by telephone, broadcasting or other audible or visible means;"
379,CANADA,Identifiable group has the same meaning as in section 318.
380,CANADA,Definition of identifiable group
381,CANADA,"Article 318(4) In this section, identifiable group means any section of the public distinguished by colour, race, religion, national or ethnic origin, age, sex, sexual orientation, gender identity or expression, or mental or physical disability."
382,CANADA,"public place includes any place to which the public have access as of right or by invitation, express or implied; (endroit public)"
383,CANADA,"statements includes words spoken or written or recorded electronically or electro-magnetically or otherwise, and gestures, signs or other visible representations. (déclarations)"
384,CANADA,"


Status of country in relation to the ICCPR



Accession
Succession
Ratification
Declaration/Reservation to Article 20(2)


Canada


x
No


"
385,CANADA,Back to the top
386,CANADA,
387,CANADA,
