index,Country,Legislation
388,CENTRAL AFRICAN REPUBLIC,Criminal Code
389,CENTRAL AFRICAN REPUBLIC,"Article 292: The dissemination, by any means whatsoever, of propaganda tending to inspire in citizens or inhabitants contempt for certain categories of persons or hate, to urge them to attack by violence, to revolt, to subvert, against the constitution, the legally established State powers, State officers and Judges carrying out their duties, the military, the collection of taxes, the economic and social structures of the nation, the distribution of real property and real property wealth, is prohibited. The dissemination of propaganda of such a kind as to harm the vital interests of the State and the nation is also prohibited. The offenders specified above shall be punished by a sentence of imprisonment of five to ten years and a fine of 500,000 to 10,000,000 Francs."
390,CENTRAL AFRICAN REPUBLIC,"Article 293: Anyone who makes public statements or propaganda supporting racial, tribal, ethnic, regional segregation, genocide and any acts contrary to human conscience shall be punished by a sentence of imprisonment of two to five years and a fine of 100,002 to 1,000,000 Francs."
391,CENTRAL AFRICAN REPUBLIC,"


Status of country in relation to the ICCPR



Accession
Succession
Ratification
Declaration/Reservation to Article 20(2)


Central African Republic
x


No


"
392,CENTRAL AFRICAN REPUBLIC,Back to the top
393,CENTRAL AFRICAN REPUBLIC,
394,CENTRAL AFRICAN REPUBLIC,
