index,Country,Legislation
408,CHINA,Criminal Code
409,CHINA,"Article 249: Those provoking ethnic hatred or discrimination, if the case is serious, are to be sentenced to three years or less in prison, put under criminal detention or surveillance, or deprived of their political rights. If the case is especially serious, they are to be sentenced to three to 10 years in prison."
410,CHINA,"Article 250: Persons directly responsible for publishing materials that discriminate or insult minority nationalities, if the case is serious and results in grave consequences, are to be sentenced to three years or less in prison, or put under criminal detention or surveillance."
411,CHINA,Law of the People’s Republic of China on Penalties for Administration of Public Security
412,CHINA,"Article 47: A person who incites national hatred or national discrimination, or publishes contents about national discrimination or humiliation in publications or computer information networks shall be detained for not less than 10 days and not more than 15 days and may, in addition, be fined not more than 1,000 Yuan."
413,CHINA,"


Status of country in relation to the ICCPR



Accession
Succession
Ratification
Declaration/Reservation to Article 20(2)


China


x
No


"
414,CHINA, 
