index,Country,Legislation
415,COLOMBIA,Criminal Code 
416,COLOMBIA,Article 134a: Racist or Discriminatory Acts. 
417,COLOMBIA,"Anyone who arbitrarily prevents, obstructs or restricts the full exercise of the rights of persons on the grounds of race, nationality, sex or sexual orientation shall be liable to imprisonment of twelve (12) to thirty-six (36) months and to a fine of ten to fifteen times the statutory minimum monthly wage."
418,COLOMBIA,"Article 134b: Harassment on the grounds of race, religion, political ideology, or national, ethnic or cultural origin"
419,COLOMBIA,"Any person who promotes or instigates acts, behaviour or conduct constituting harassment, aimed at causing physical or moral harm to a person, group of persons, community or people, on account of their race, ethnicity, religion, nationality, political or philosophical ideology, sex or sexual orientation, shall be imprisoned for twelve (12) to thirty-six (36) months and fined ten (10) to fifteen (15) times the statutory monthly minimum wage in force, unless the conduct constitutes an offence punishable by a greater penalty"
420,COLOMBIA,Article 134c: Circumstances of punitive aggravation
421,COLOMBIA,"The penalties provided for in the preceding articles shall be increased by one-third to one-half when: 1. The conduct is displayed in a public space, public establishment or place open to the public. 2. The conduct is displayed through the use of mass media. 3. The conduct is displayed by a public servant. 4. The conduct is exhibited for or in connection with the provision of a public service. 5. The conduct is directed against a child, an adolescent or a senior citizen. 6. The conduct is aimed at denying or restricting workers’ rights. (Colombia 2011, emphasis in original)"
422,COLOMBIA,Above information taken from a secondary source. 
423,COLOMBIA,"


Status of country in relation to the ICCPR



Accession
Succession
Ratification
Declaration/Reservation to Article 20(2)


Colombia


x
No


"
424,COLOMBIA,Back to the top
425,COLOMBIA,
426,COLOMBIA,
