index,Country,Legislation
427,COMOROS,Criminal Code
428,COMOROS,"Article 260: Defamation against individuals through one of the means set out in Article 247 will be punished by imprisonment of one to six months and a fine of 15,000 to 75,000 Francs or one of these two sentences only. Defamation committed by the same means against a group of people due to their belonging to a race or a specific religion will be punished by imprisonment of two months to two years and a fine of 15,000 to 200,0000 Francs when the aim is to incite hatred between citizens and inhabitants."
429,COMOROS,"Article 247: Broadcasting, television, cinema, press, display, exhibition, distribution of writings or images of all kinds, speeches, songs, shouts or threats uttered are considered as means of public dissemination. In public places or meetings and all spaces intended to reach the public."
430,COMOROS,"


Status of country in relation to the ICCPR



Accession
Succession
Ratification
Declaration/Reservation to Article 20(2)


Comoros


x
No


"
431,COMOROS,Back to the top
432,COMOROS,
433,COMOROS,
