index,Country,Legislation
449,CROATIA,Criminal Code
450,CROATIA,Article 325: Public Incitement to Violence and Hatred 
451,CROATIA,"Article 325 (1) Whoever in print, through radio, television, computer system or network, at a public gathering or in some other way publicly incites to or makes available to the public tracts, pictures or other material instigating violence or hatred directed against a group of persons or a member of such a group on account of their race, religion, national or ethnic origin, descent, colour, gender, sexual orientation, gender identity, disability or any other characteristics shall be punished by imprisonment not exceeding three years."
452,CROATIA,"(2) The same punishment as referred to in paragraph 1 of this Article shall be inflicted on whoever publicly approves of, denies or grossly trivializes the crimes of genocide, crimes of aggression, crimes against humanity or war crimes, directed against a group of persons or a member of such a group on account of their race, religion, national or ethnic origin, descent or colour in a manner likely to incite to violence or hatred against such a group or a member of such a group."
453,CROATIA,(3) The attempt to carry out or commit criminal offences referred to in paragraph 1 and 2 of this Article shall be punishable
454,CROATIA,Anti-Discrimination Act
455,CROATIA,Article 25:
456,CROATIA,"(1): Whoever, with the aim to intimidate another person or to create a hostile, degrading or offensive environment on the grounds of a difference in race, ethnic affiliation, colour, gender, language, religion, political or other belief, national or social origin, property, trade union membership, social status, marital or family status, age, health condition, disability, genetic origin, native identity or expression and sexual orientation, hurts another person’s dignity, shall be charged a fine for misdemeanour amounting from HRK 5,000.00 to HRK 30,000.00."
457,CROATIA,"(2) The responsible person as a legal person, state body, legal person vested with public authority, and local and regional self-government unit shall be charged the fine for misdemeanour referred to in paragraph 1 of this Article. 10"
458,CROATIA,"(3) If a sole trader or a self-employed person performing any other independent activity commits the misdemeanour referred to in paragraph 1 of this Article in relation to his/her craft or activity, he/she shall be charged a fine of HRK 10,000 to HRK 200,000.00."
459,CROATIA,"(4) A legal person shall be charged a fine of HRK 30,000.00 to HRK 300,000.00 for the misdemeanour referred to in paragraph 1 of this Article"
460,CROATIA,"


Status of country in relation to the ICCPR



Accession
Succession
Ratification
Declaration/Reservation to Article 20(2)


Croatia

x

No


"
461,CROATIA,Back to the top
462,CROATIA,
463,CROATIA,
