index,Country,Legislation
472,CYPRUS,Criminal Code
473,CYPRUS,Article 99A: Incitement to violence or hatred due to sexual orientation or gender identity
474,CYPRUS,"(1) A person who intentionally, publicly and in a manner that is threatening or abusive or offensive in nature, promotes or incites, verbally or through the press or in written texts or illustrations or in any other way, violence or hatred directed against a group persons or a member of a group of persons identified on the basis of their sexual orientation or gender identity, is guilty of an offence and, if convicted, is subject to imprisonment not exceeding 3 years or to a fine not exceeding five thousand Euros or both."
475,CYPRUS,(2) Criminal proceedings under this article shall be instituted only with the approval of the Attorney General of the Republic.
476,CYPRUS,The Combatting of Certain Forms and Expressions of Racism and Xenophobia by means of Criminal Law 134 (I) of 2011
477,CYPRUS,"Article 3(1): A person who intentionally and publicly disseminates and incites, in any manner, violence or hate against a group of persons or its members determined according to race, colour, religion, descent or national or ethnic origin, in a manner which disrupts public order or which is threatening, abusive or insulting is subject to imprisonment which does not exceed 5 years or a fine that does not exceed€ 10 000 or both."
478,CYPRUS,"


Status of country in relation to the ICCPR



Accession
Succession
Ratification
Declaration/Reservation to Article 20(2)


Cyprus


x
No


"
479,CYPRUS,Back to the top
480,CYPRUS,
481,CYPRUS,
