index,Country,Legislation
482,CZECH REPUBLIC,Criminal Code
483,CZECH REPUBLIC,"Section 355 Defamation of Nation, Race, Ethnic or other Group of People "
484,CZECH REPUBLIC,"1) Whoever publicly defames a) any nation, its language, any race or ethnic group, or b) a group of people for their true or presupposed race, belonging to an ethnic group, nationality, political or religious beliefs or because they are truly or supposedly without religion, shall be sentenced to imprisonment of up to two years."
485,CZECH REPUBLIC,"(2) An offender shall be sentenced to imprisonment for up to two years, if he/she commits the act referred to in Sub-section (1) a) with at least two persons, or b) by press, film, radio, television, publicly accessible computer network or in another similarly effective way."
486,CZECH REPUBLIC,Section 356 Instigation of Hatred towards a Group of People or of Suppression of their Rights and Freedoms 
487,CZECH REPUBLIC,"(1) Whoever publicly instigates hatred towards any nation, race, ethnic group, religion, class or another group of people or instigates suppression of rights and freedoms of their members, shall be sentenced to imprisonment of up to two years."
488,CZECH REPUBLIC,(2) The same sentence shall be imposed on anyone who conspires or assembles to commit the act referred to in Sub-section (1).
489,CZECH REPUBLIC,"(3) An offender shall be sentenced to imprisonment for six months to three years, if he/she a) commits the act referred to in Sub-section (1) by press, film, radio, television, publicly accessible computer network or in another similarly effective way, or b) actively participates in activities of a group, organization or association that promotes discrimination, violence or race, ethnical, class, religious or other hatred by such an act."
490,CZECH REPUBLIC,"


Status of country in relation to the ICCPR



Accession
Succession
Ratification
Declaration/Reservation to Article 20(2)


Czech Republic


x
No


"
491,CZECH REPUBLIC,Back to the top
492,CZECH REPUBLIC,
493,CZECH REPUBLIC,
