index,Country,Legislation
499,DEMOCRATIC REPUBLIC OF THE CONGO,Law no. 96-002 Freedom of Press (1996) 
500,DEMOCRATIC REPUBLIC OF THE CONGO,"Article 77: Those who incite to discrimination, hate or violence, against a person or group of persons due to their origin or belonging or non-belonging to an ethnic, national, racial group, ideology or religion are punished in accordance with Article 76."
501,DEMOCRATIC REPUBLIC OF THE CONGO,Law No. 8-2001 on Freedom of Information and Communication (2001)
502,DEMOCRATIC REPUBLIC OF THE CONGO,"Article 188: Those who, by one of the means set out in article 187 of this law, have provoked discrimination, hatred or violence against a person or a group of people on the grounds of their origin or their belonging or not to an ethnic group, a nation, a race, a specific religion or a philosophical movement, will be punished with a fine of 150,000 CFA francs to 1,500,000 CFA francs when this provocation would have had no effect."
503,DEMOCRATIC REPUBLIC OF THE CONGO,"Means set out in Article 187: Speeches, cries or threats uttered in meetings or public places, or by writings, prints, drawings, engravings, paintings, emblems, images, or any other written, spoken or visual medium sold or distributed or exhibited in public places, either by placards or posters"
504,DEMOCRATIC REPUBLIC OF THE CONGO,"


Status of country in relation to the ICCPR



Accession
Succession
Ratification
Declaration/Reservation to Article 20(2)


Democratic Republic of the Congo
x


No


"
505,DEMOCRATIC REPUBLIC OF THE CONGO,Back to the top
506,DEMOCRATIC REPUBLIC OF THE CONGO,
507,DEMOCRATIC REPUBLIC OF THE CONGO,
