index,Country,Legislation
555,ERITREA,Criminal Code
556,ERITREA,Article 195: Defamation of or Interference with Religious and Ethnic Groups
557,ERITREA,"A person who intentionally and publicly asserts fabricated or distorted facts, knowing them to be such, in order to cast disparagement upon any religion or ethnic group, or who unlawfully disrupts or attempts to obstruct a religious service or assembly, is guilty of defamation of or interference with religious and ethnic groups, a Class 1 petty offence, punishable with a definite term of imprisonment of not less than 6 months and not more than 12 months, or a fine of 20,001 – 50,000 Nakfas, to be set at intervals of 2,500 Nakfas."
558,ERITREA,Art. 196: Disturbance of Religious or Ethnic Feelings. 
559,ERITREA,"A person who intentionally and publicly disparages a ceremony or rite of any lawful religious group, or profanes a place, image or object used for such religious ceremonies or ceremonies relating to any ethnic group, is guilty of disturbance of religious or ethnic feelings, a Class 1 petty offence, punishable with a definite term of imprisonment of not less than 6 months and not more than 12 months, or a fine of 20,001 – 50,000 Nakfas, to be set at intervals of 2,500 Nakfas."
560,ERITREA,Article 302: Insulting Behaviour and Outrage
561,ERITREA,"(1) A person who, by addressing himself to another person or by referring to another person, offends the honour of that other person by insult or injury by: (a) distastefully touching upon the latter’s physical or mental impairment, or the latter’s ethnic, religious or racial background; (b) use of grossly obscene words or utterances; (c) reference to the victim’s profession or (d) any other words or utterances of similar severity, is guilty of insulting behaviour and outrage, a Class 2 petty offence, punishable with a definite term of imprisonment of not less than 1 month and not more than 6 months, or a fine of 5,001 – 20,000 Nakfas, to be set at intervals of 1,000 Nakfas."
562,ERITREA,Proclamation No.90/1995: The Press Proclamation
563,ERITREA,Article 12: Matters not to be disseminated 
564,ERITREA,"All those participating in public or private press in general, and heads of press in particular, [illegible] chief editors and journalists, are prohibited from publishing and disseminating the following matters."
565,ERITREA,(1) any matter which vilifies or belittles humanitarian and religious beliefs…
566,ERITREA,"(3) any matter which incites religious and sub-national differences, promotes the spirit of division and dissension among the people, vilifies the Eritrean people’s tradition of struggle and incites violence and terrorism."
567,ERITREA,"


Status of country in relation to the ICCPR



Accession
Succession
Ratification
Declaration/Reservation to Article 20(2)


Eritrea
x


No


"
568,ERITREA,Back to the top
569,ERITREA,
570,ERITREA,
