index,Country,Legislation
571,ESTONIA,Constitution
572,ESTONIA,"Article 12:  Incitement to ethnic, racial, religious or political hatred, violence or discrimination is prohibited and punishable by law. Incitement to hatred and violence between social classes or to discrimination against a social class is also prohibited and punishable by law."
573,ESTONIA,Criminal Code
574,ESTONIA,Article 151: Incitement of hatred
575,ESTONIA,"(1) Activities which publicly incite to hatred, violence or discrimination on the basis of nationality, race, colour, sex, language, origin, religion, sexual orientation, political opinion, or financial or social status, if this results in danger to the life, health or property of a person, is punishable by a fine of up to three hundred fine units or by detention."
576,ESTONIA,(2) The same act if: 1) it causes the death of a person or results in damage to health or other serious consequences; or 2) it is committed by a person who has previously been punished by such act; or 3) is punishable by a pecuniary punishment or up to three years’ imprisonment.
577,ESTONIA,"(3) An act provided for in subsection (1) of this section, if committed by a legal person, is punishable by a fine of up to 3200 euros."
578,ESTONIA,"(4) An act provided for in subsection (2) of this section, if committed by a legal person, is punishable by a pecuniary punishment."
579,ESTONIA,"


Status of country in relation to the ICCPR



Accession
Succession
Ratification
Declaration/Reservation to Article 20(2)


Estonia
x


No


"
580,ESTONIA,Back to the top
581,ESTONIA,
582,ESTONIA,
