index,Country,Legislation
588,ETHIOPIA,Hate Speech and Disinformation Prevention and Suppression Proclamation
589,ETHIOPIA,Section 2: Definition
590,ETHIOPIA,"“Hate speech” means speech that deliberately promotes hatred, discrimination or attack against a person or a discernible group of identity, based on ethnicity, religion, race, gender or disability."
591,ETHIOPIA,Section 3. Objectives
592,ETHIOPIA,The objectives of the Proclamation are to:
593,ETHIOPIA,"1. Ensure that in their exercise of freedom of expression, individuals will not engage in speech that incites violence, is likely to cause public disturbance or promotes hatred and discrimination against a person or an identifiable group or community based on ethnicity, religion, race, gender or disability;"
594,ETHIOPIA,"2. Promote tolerance, civil discourse and dialogue, mutual respect and understanding and strengthening of democratic governance;"
595,ETHIOPIA,"3. Control and suppress the dissemination and proliferation of hate speech, disinformation and other related false and misleading information."
596,ETHIOPIA,Section 4: Prohibition of Hate Speech
597,ETHIOPIA,"Any person disseminating hate speech by means of broadcasting, print or social media using text, image, audio or video is prohibited."
598,ETHIOPIA,"


Status of country in relation to the ICCPR



Accession
Succession
Ratification
Declaration/Reservation to Article 20(2)


Ethiopia
x


No


"
599,ETHIOPIA,Back to the top
600,ETHIOPIA,
601,ETHIOPIA,
