index,Country,Legislation
602,FIJI,Constitution
603,FIJI,"Article 17: Freedom of speech, expression and publication:"
604,FIJI,"(2) Freedom of speech, expression, thought, opinion and publication does not protect—"
605,FIJI,(a) propaganda for war; (b) incitement to violence or insurrection against this Constitution; or
606,FIJI,(c) advocacy of hatred that—
607,FIJI,(i) is based on any prohibited ground of discrimination listed or prescribed under section 26; and (ii) constitutes incitement to cause harm.
608,FIJI,"(3) To the extent that it is necessary, a law may limit, or may authorize the limitation of the rights and freedoms mentioned in subsection (1) in the interests of—"
609,FIJI,"(b) the protection or maintenance of the reputation, privacy, dignity, rights or freedoms of other persons, including—"
610,FIJI,"(i) the right to be free from hate speech, whether directed against individuals or groups; and"
611,FIJI,"(d) preventing attacks on the dignity of individuals, groups of individuals or respected offices or institutions in a manner likely to promote ill will between ethnic or religious groups or the oppression of, or discrimination against, any person or group of persons;"
612,FIJI,"(4) In this section, “hate speech” means an expression in whatever form that encourages, or has the effect of encouraging discrimination on a ground listed or prescribed under section 26."
613,FIJI,Section 26:
614,FIJI,"(3) A person must not be unfairly discriminated against, directly or indirectly on the grounds of his or her—"
615,FIJI,"(a) actual or supposed personal characteristics or circumstances, including race, culture, ethnic or social origin, colour, place of origin, sex, gender, sexual orientation, gender identity and expression, birth, primary language, economic or social or health status, disability, age, religion, conscience, marital status or pregnancy; or"
616,FIJI,"(b) opinions or beliefs, except to the extent that those opinions or beliefs involve harm to others or the diminution of the rights or freedoms of others, or on any other ground prohibited by this Constitution."
617,FIJI,"


Status of country in relation to the ICCPR



Accession
Succession
Ratification
Declaration/Reservation to Article 20(2)


Fiji
x


No


"
618,FIJI,Back to the top
619,FIJI,
620,FIJI,
