index,Country,Legislation
628,FRANCE,Criminal Code
629,FRANCE,Article 222-18-1:
630,FRANCE,"Where threats contrary to the first paragraph of article 222-17 are committed because of the victim’s membership or non-membership, true or supposed, of any given ethnic group, nation, race or religion, they are punishable by two years’ imprisonment and by a fine of Euros 30,000. Threats contrary to the second paragraph of that article or contrary to the first paragraph of article 222-18 are punishable by five years’ imprisonment and by a fine of Euros 75,000, and those contrary to the second paragraph of article 222-18 are punishable by seven years’ imprisonment and a fine of Euros 100, 000. The same penalties are incurred where the threats were made because of the victim’s true or supposed sexual orientation."
631,FRANCE,Law of 29 July 1881 on the Freedom of the Press
632,FRANCE,"Article 23: Those who, either by speeches, cries or threats uttered in public places or meetings, or by writings, prints, drawings, engravings, paintings, emblems, images or any other, will be punished as accomplices of an action qualified as a crime or misdemeanor. Support for writing, speech or image sold or distributed, offered for sale or exhibited in public places or meetings, either by placards or posters exposed to the public, or by any means of communication to the public by electronic means, will have directly provoked the author or the authors to commit the said action, if the provocation has been followed."
633,FRANCE,This provision will also be applicable when the provocation has only been followed by an attempted crime provided for in article 2 of the penal code.
634,FRANCE,"Article 24: Those who, by one of the means set out in article 23, have incited discrimination, hatred or violence against a person or a group of persons on the grounds of their origin or of their belonging or not belonging to an ethnic group, a nation, a race or a specific religion, will be punished with one year of imprisonment and a fine of 45,000 euros or one of these two penalties."
635,FRANCE,"Note: Article 23 refers to, inter alia, public speeches, engravings, paintings, emblems, images and threats.
The same penalties as above are given to those who, by these same means, have incited hatred or violence towards a person or a group of persons on the grounds of their sex, their sexual orientation or gender identity or their disability or have caused them discrimination provided for by articles 225-2 and 432-7 of the penal code."
636,FRANCE,Law No. 2004-575 of 21 June 2004 on confidence in the digital economy
637,FRANCE,"Section 3: Non-public provocation, defamation and insults of a racist or discriminatory nature. "
638,FRANCE,Article R625-8-1:
639,FRANCE,"Non-public insult committed against a person or a group of persons because of their origin of their membership or non-membership, true or supposed, of a specific ethnic group, nation, alleged race or religion is punished by the fine provided for 5th class offences."
640,FRANCE,"A non-public insult against a person or a group of persons because of their sex, sexual orientation or gender identity, or their disability is punishable by the same penalty."
641,FRANCE,Article R625-7:
642,FRANCE,"Non-public provocation to discrimination, hatred or violence against a person or a group of persons on account of their origin or their membership or non-membership, real or supposed of a particular ethnic group, nation, alleged race or religion is punishable by the fine provided for 5th class offences."
643,FRANCE,"Non-public provocation to hatred or violence against a person or group of persons on the grounds of their sex, sexual orientation or gender identity or their disability as well as non-public provocation, with regard to these same persons, of the discrimination provide for in Articles 225-2 and 432-7, is punishable by the same penalty."
644,FRANCE,"


Status of country in relation to the ICCPR



Accession
Succession
Ratification
Declaration/Reservation to Article 20(2)


France
x



Yes (Declaration)
The Government of the Republic declares that the term “war”, appearing in article 20, paragraph1, is to be understood to mean war in contravention of international law and considers, in any case, that French legislation in this matter is adequate.


"
645,FRANCE,Back to the top
646,FRANCE,
647,FRANCE,
