index,Country,Legislation
648,GABON,Criminal Code
649,GABON,"Article 222: Whoever participates, in any way whatsoever, in any written or oral propaganda tending to disturb public order, to incite revolt against the authorities of the State, to undermine the Republic in the prestige of its institutions, to provoke the disunity of its citizens, to create racial, religious or tribal hatred and, in general, to harm the vital interests of the State and the Nation, is punished by imprisonment of up to five years and a fine of 5,000,000 FCFA at most."
650,GABON,"Article 444: Any offensive expression, contempt or insult that does not include the attribution of any fact is an insult…The maximum prison sentence is one year if the insult has been committed against a group of people due to their origin, religion, ethnicity or race with the aim of inciting hatred between citizens or inhabitants."
651,GABON,"


Status of country in relation to the ICCPR



Accession
Succession
Ratification
Declaration/Reservation to Article 20(2)


Gabon
x


No


"
652,GABON,Back to the top
653,GABON,
654,GABON,
