index,Country,Legislation
671,GERMANY,Criminal Code
672,GERMANY,Section 130: Incitement of masses
673,GERMANY," (1) Whoever, in a manner which is suitable for causing a disturbance of the public peace,"
674,GERMANY," 1.  incites hatred against a national, racial, religious group or a group defined by their ethnic origin, against sections of the population or individuals on account of their belonging to one of the aforementioned groups or sections of the population, or calls for violent or arbitrary measures against them or"
675,GERMANY," 2.  violates the human dignity of others by insulting, maliciously maligning or defaming one of the aforementioned groups, sections of the population or individuals on account of their belonging to one of the aforementioned groups or sections of the population"
676,GERMANY, incurs a penalty of imprisonment for a term of between three months and five years.
677,GERMANY, (2) Whoever:
678,GERMANY," 1.  Disseminates material (section 11 (3)) or makes it available to the public, or offers, supplies or makes available to a person under 18 years of age material (section 11 (3)) which:"
679,GERMANY," a)   incites hatred against one of the groups referred to in subsection (1) no. 1, sections of the population or individuals on account of their belonging to one of the groups referred to in subsection (1) no. 1, or sections of the population;"
680,GERMANY, b)  calls for violent or arbitrary measures against one of the persons or bodies of persons referred to in letter (a); or
681,GERMANY," c)  attacks the human dignity of one of the persons or bodies of persons referred to in letter (a) by insulting, maliciously maligning or defaming them."
682,GERMANY, 2.   Makes content referred to in no. 1 (a) to (c) available to a person under 18 years of age or to the public through broadcasting or telemedia services or
683,GERMANY," 3.   Produces, purchases, supplies, stocks, offers, advertises or undertakes to import or export material (section 11 (3)) of such content referred to in no. 1 (a) to (c) in order to use it or parts obtained from it within the meaning of no. 1 or 2 or to facilitate such use by another incurs a penalty of imprisonment for a term not exceeding three years or a fine."
684,GERMANY," (3) Whoever publicly or in a meeting approves of, denies or downplays an act committed under the rule of National Socialism of the kind indicated in section 6 (1) of the Code of Crimes against International Law in a manner which is suitable for causing a disturbance of the public peace incurs a penalty of imprisonment for a term not exceeding five years or a fine."
685,GERMANY," (4) Whoever publicly or in a meeting disturbs the public peace in a manner which violates the dignity of the victims by approving of, glorifying or justifying National Socialist tyranny and arbitrary rule incurs a penalty of imprisonment for a term not exceeding three years or a fine."
686,GERMANY, (5) Subsection (2) no. 1 and no. 3 also applies to material (section 11 (3)) of such content referred to in subsections (3) and (4). Whoever makes content referred to in subsections (3) and (4) available to a person under 18 years of age or available to the public through broadcasting or telemedia services incurs the same penalty specified in subsection (2) no. 2.
687,GERMANY," (6) In the cases under subsection (2) nos. 1 and 2, also in conjunction with subsection (5), the attempt is punishable."
688,GERMANY," (7) In the cases under subsection (2), also in conjunction with subsection (5), and in the cases under subsections (3) and (4), section 86 (3) applies accordingly."
689,GERMANY,Section 130a: Instructions for committing criminal offences
690,GERMANY, (1) Whoever disseminates or makes available to the public material (section 11 (3)) which is of such a nature as to serve as instructions for committing one of the unlawful acts referred to in section 126 (1) and whose content is intended to encourage or cause others to commit such an act incurs a penalty of imprisonment for a term not exceeding three years or a fine.
691,GERMANY, (2) Whoever:
692,GERMANY, 1.  Disseminates or makes available to the public material (section 11 (3)) which is of such a nature as to serve as instructions for one of the unlawful acts referred to in section 126 (1) or
693,GERMANY, 2.  gives instructions for one of the unlawful acts referred to in section 126 (1) either publicly or in a meeting in order to encourage or cause others to commit such an act incurs the same penalty.
694,GERMANY, (3) Whoever makes content specified in subsection (1) or subsection (2) no. 1 available to the public through broadcasting or telemedia services incurs the penalty under subsection (1).
695,GERMANY, (4) Section 86 (3) applies accordingly.
696,GERMANY,Network Enforcement Act
697,GERMANY,"Article 1(3): Unlawful content shall be content within the meaning of subsection (1) which fulfils the requirements of the offences described in sections 86, 86a, 89a, 91, 100a, 111, 126, 129 to 129b, 130, 131, 140, 166, 184b in connection with 184d, 185 to 187, 241 or 269 of the Criminal Code and which is not justified."
698,GERMANY,Section 3(1)(2):
699,GERMANY,(2) The procedure shall ensure that the provider of the social network:
700,GERMANY,1. takes immediate note of the complaint and checks whether the content reported in the complaint is unlawful and subject to removal or whether access to the content must be blocked.
701,GERMANY,"2. removes or blocks access to content that is manifestly unlawful within 24 hours of receiving the complaint; this shall not apply if the social network has reached agreement with the competent law enforcement authority on a longer period for deleting or blocking any manifestly unlawful content, removes or blocks access to all unlawful content immediately, this generally being within 7 days of receiving the complaint."
702,GERMANY,"


Status of country in relation to the ICCPR



Accession
Succession
Ratification
Declaration/Reservation to Article 20(2)


Germany


x
No


"
703,GERMANY,Back to the top
704,GERMANY,
705,GERMANY,
