index,Country,Legislation
715,GREECE,Law No 927/1797 on Punishing Acts or Activities aimed at Racial Discrimination 
716,GREECE,Article 1: Incitement to violence or hatred
717,GREECE,"(1) “Anyone, who publicly incites, provokes, or stirs up, either orally or through the press, the Internet, or any other means, acts of violence or hatred against a person or group of persons or a member of such a group defined by reference to race, color, religion, descent or national or ethnic origin, sexual orientation, gender identity, or disability, in a manner that endangers the public order and exposes the life, physical integrity, and freedom of persons defined above to danger, will be punished by imprisonment of from three months to three years and a fine of Euros 5,000 to 20,000."
718,GREECE,"(2) Anyone, who publicly incites, provokes, or stirs, either orally or through the press, the Internet, or any other means, acts of destruction against the assets of a person or group of persons defined by reference to race, color, religion, descent or national or ethnic origin, sexual orientation, gender identity, or disability, in a manner that endangers the public order and exposes the life, physical integrity, and freedom of persons defined above to danger, will be punished by imprisonment of from three months to three years and a fine of Euros 5,000 to 20,000."
719,GREECE,"


Status of country in relation to the ICCPR



Accession
Succession
Ratification
Declaration/Reservation to Article 20(2)


Greece
X


No


"
720,GREECE,Back to the top
721,GREECE,
722,GREECE,
