index,Country,Legislation
733,GUINEA,Criminal Code
734,GUINEA,"Article 963: Non-public incitement to discrimination, hatred or violence "
735,GUINEA,"The non-public provocation to discrimination, hate or violence against a person or a group of persons on the ground of their origin or on their belonging or not, real or assumed, to a given ethnic group, nation, race or religion is punishable by a fine foreseen for contravention of the 5th class."
736,GUINEA,"Non-public incitement to hatred or violence against a person or a group of persons by reason of their gender or their disability, as well as non-public provocation, towards these same people, to discrimination provided for in Articles 315 and 646 is punishable with the same penalty."
737,GUINEA,Persons guilty of the contraventions provided for in this article incur following additional penalties:
738,GUINEA,"1. the prohibition to hold or carry, for a period of 3 years at most, a weapon;"
739,GUINEA,2. the confiscation of one or more weapons of which the convicted person is the owner or of which he has free disposal of;
740,GUINEA,3.the confiscation of the object used or was intended to be used to commit the offense;
741,GUINEA,4. community service for a period of 20 to 120 hours.
742,GUINEA,"Legal persons declared criminally liable, under the conditions provided for by Article 16 incur, in addition to the fine, the penalty of confiscation of the object used or was intended to commit the offense."
743,GUINEA,"


Status of country in relation to the ICCPR



Accession
Succession
Ratification
Declaration/Reservation to Article 20(2)


Guinea


x
No


"
744,GUINEA,Back to the top
745,GUINEA,
746,GUINEA,
