index,Country,Legislation
795,INDIA,Criminal Code
796,INDIA,"Section 153A: Promoting enmity between different groups on grounds of religion, race, place of birth, residence, language, etc., and doing acts prejudicial to maintenance of harmony."
797,INDIA,(1) Whoever:
798,INDIA,"(a) by words, either spoken or written, or by signs or by visible representations or otherwise, promotes or attempts to promote, on grounds of religion, race, place of birth, residence, language, caste or community or any other ground whatsoever, disharmony or feelings of enmity, hatred or ill-will between different religious, racial, language or regional groups or castes or communities, or"
799,INDIA,"(b) commits any act which is prejudicial to the maintenance of harmony between different religious, racial, language or regional groups or castes or communities, and which disturbs or is likely to disturb the public tranquillity, shall be punished with imprisonment which may extend to three years, or with fine, or with both."
800,INDIA,"Section 153B: Imputations, assertions prejudicial to national integration"
801,INDIA,"(1) Whoever, by words either spoken or written or by signs or by visible representations or otherwise:"
802,INDIA,"(a) makes or publishes any imputation that any class of persons cannot, by reason of their being members of any religious, ra­cial, language or regional group or caste or community, bear true faith and allegiance to the Constitution of India as by law established or uphold the sovereignty and integrity of India, or"
803,INDIA,"(b) asserts, counsels, advises, propagates or publishes that any class of persons shall, by reason of their being members of any religious, racial, language or regional group or caste or commu­nity, be denied or deprived of their rights as citizens of India, or"
804,INDIA,"(c) makes or publishes any assertion, counsel, plea or appeal concerning the obligation of any class of persons, by reason of their being members of any religious, racial, language or region­al group or caste or community, and such assertion, counsel, plea or appeal causes or is likely to cause disharmony or feelings of enmity or hatred or ill-will between such members and other persons, shall be punished with imprisonment which may extend to three years, or with fine, or with both."
805,INDIA,"(2) Whoever commits an offence specified in sub-section (1), in any place of worship or in any assembly engaged in the perform­ance of religious worship or religious ceremonies, shall be punished with imprisonment which may extend to five years and shall also be liable to fine."
806,INDIA,Section 505: Statements conducing to public mischief:
807,INDIA,"(1) Whoever makes, publishes or circulates any statement, rumour or report,"
808,INDIA,"(c) with intent to incite, or which is likely to incite, any class or community of persons to commit any offence against any other class or community, shall be punished with imprisonment which may extend to 6[three years], or with fine, or with both."
809,INDIA,"(2) Statements creating or promoting enmity, hatred or ill-will between classes"
810,INDIA,"Whoever makes, publishes or circulates any statement or report containing rumour or alarming news with intent to create or promote, or which is likely to create or promote, on grounds of religion, race, place of birth, residence, language, caste or community or any other ground whatsoever, feelings of enmity, hatred or ill-will between different reli­gious, racial, language or regional groups or castes or communi­ties, shall be punished with imprisonment which may extend to three years, or with fine, or with both."
811,INDIA,"(3) Offence under sub-section (2) committed in place of worship, etc."
812,INDIA,"Whoever commits an offence specified in sub-section (2) in any place of worship or in an assembly engaged in the performance of religious worship or religious ceremonies, shall be punished with imprisonment which may extend to five years and shall also be liable to fine."
813,INDIA,"


Status of country in relation to the ICCPR



Accession
Succession
Ratification
Declaration/Reservation to Article 20(2)


India
x


No


"
814,INDIA,Back to the top
815,INDIA,
816,INDIA,
