index,Country,Legislation
817,INDONESIA,Criminal Code
818,INDONESIA,"Article 156: The person who publicly gives expression to feelings of hostility, hatred or contempt against one or more groups of the population of Indonesia, shall be punished by a maximum imprisonment of four years or a maximum fine of three hundred Rupiahs."
819,INDONESIA,"The term ‘group’ in this and in the following article, shall be understood as each part of the population of Indonesia that distinguishes itself from one or more other parts of that population by race, country of origin, religion, origin, descent, nationality or constitutional condition."
820,INDONESIA,"Article 157: Any person who disseminates, openly demonstrates or puts up a writing or portrait where feelings of hostility, hatred or contempt against or among groups of the population of Indonesia are expressed, with intent to give publicity to the contents or to enhance the publicity thereof, shall be punished by a maximum imprisonment of two years and six months or a maximum fine of three hundred Rupiahs."
821,INDONESIA,Law No 40 of 2008 on The Elimination of Racial and Ethnic Discrimination:
822,INDONESIA,Any person who publicly gives expression to feelings of hostility or hatred against people due to racial and ethnic differences by:
823,INDONESIA,"1. Making any posts or drawings to be placed, affixed, or disseminated in public places or other places with intent to give publicity to the contents or to enhance the publicity thereof;"
824,INDONESIA,2. Delivering or expressing speeches or certain words in public places or other places with intent to give publicity to the contents or to enhance the publicity thereof;
825,INDONESIA,"3. Wearing something on himself in the form of objects, words, or pictures in public places or other places with intent to give publicity to the contents or to enhance the publicity thereof shall be punished by a maximum imprisonment of five years or a maximum fine of IDR 500,000,000 (five million Rupiahs)."
826,INDONESIA,Information taken from secondary source (Institute for Criminal Justice Reform)
827,INDONESIA,Law No.11 of 2008 on Information and Electronic Transaction as amended by Law No.19 of 2016 on the Amendment to Law No.11 of 2008 on Information and Electronic Transaction:
828,INDONESIA,"Any Person who deliberately and without authority disseminates information with intention of inflicting hatred or dissension on individuals and/or certain groups of the community based on ethnic groups, religions, races, and inter-groups (SARA) shall be punished by a maximum imprisonment of six years or a maximum fine of IDR 1,000,000,000 (one trillion Rupiahs)"
829,INDONESIA,Information taken from secondary source (Institute for Criminal Justice Reform)
830,INDONESIA,"Digital Platform Law no 71/2019 on the Government Regulation on the Implementation of Electronic and Transaction System: The law obliges entities such as social media companies to control content and preserve user data. Article 5 of the law provides that social media companies must ensure that their platforms do not contain or facilitate the spread of “restricted content.” This term contains a list of different forms of speech such as “false news”, “hate speech” and “blasphemy” online."
831,INDONESIA,Information taken from secondary source (Justitia)
832,INDONESIA,"


Status of country in relation to the ICCPR



Accession
Succession
Ratification
Declaration/Reservation to Article 20(2)


Indonesia
x


No


"
