index,Country,Legislation
844,IRAQ,Constitution
845,IRAQ,Section 1: Article 7
846,IRAQ,"No entity or program, under any name, may adopt racism, terrorism, the calling of others infidels, ethnic cleansing, or incite, facilitate, glorify, promote, or justify thereto, especially the Saddamist Baath in Iraq and its symbols, regardless of the name that it adopts. This may not be part of the political pluralism in Iraq. This shall be regulated by law."
847,IRAQ,Criminal Code
848,IRAQ,Paragraph 202: Any person who publicly insults the Arab community or the Iraqi people or any section of the population or the national flag or the State emblem is punishable by a term of imprisonment not exceeding 10 years or by detention.
849,IRAQ,"Paragraph 215: Any person who produces, imports, exports or obtains a picture, written material or sign with intent to trade, distribute, display or exhibit such material, which, by its nature, endangers the public security or brings the country into disrepute unless he was acting in good faith is punishable by detention plus a fine not exceeding 300 dinars or by one of those penalties."
850,IRAQ,Paragraph 372:
851,IRAQ,The following persons are punishable by a period of detention not exceeding 3 years or by a fine:
852,IRAQ,(1) Any person who attacks the creed of a religious minority or pours scorn on its religious practices.
853,IRAQ,"(2) Any person who willfully disrupts a religious ceremony, festival or meeting of a religious minority or who willfully prevents or obstructs the performance of such ritual."
854,IRAQ,"(3) Any person who wrecks, destroys, defaces or desecrates a building set aside for the ceremonies of a religious minority or symbol or anything that is sacred to it."
855,IRAQ,(4) Any person who prints or publishes a book sacred to a religious minority and deliberately misspells the texts so that the meaning of the text is altered or who makes light of its tenets or teachings.
856,IRAQ,"(5) Any person who publicly insults a symbol or a person who constitutes an object of sanctification, worship or reverence to a religious minority."
857,IRAQ,(6) Any person who publicly imitates a religious ceremony or celebration with intent to deceive.
858,IRAQ,"


Status of country in relation to the ICCPR



Accession
Succession
Ratification
Declaration/Reservation to Article 20(2)


Iraq


x
No


"
859,IRAQ,Back to the top
860,IRAQ,
861,IRAQ,
