index,Country,Legislation
873,ISRAEL,Criminal Code
874,ISRAEL,Article One “A”: Racism 
875,ISRAEL,Definitions
876,ISRAEL,Article 144A:
877,ISRAEL,"In this Article: “racism” – persecution, humiliation, degradation, a display of enmity, hostility or violence, or causing violence against a public or parts of the population, all because of their colour, racial affiliation or national ethnic origin."
878,ISRAEL,Publication of racist incitement is prohibited
879,ISRAEL,Article 144B:
880,ISRAEL,"(a) If a person publishes anything in order to incite to racism, then he is liable to five years imprisonment."
881,ISRAEL,"(b) For the purposes of this section, it does not matter whether the publication did cause racism, and whether or not it is true."
882,ISRAEL,Article 144C: Permissible publication 
883,ISRAEL,"(a) Publication of a true and fair report of an act said in section 144B shall not be deemed an offense under that section, on condition that it was not intended to cause racism."
884,ISRAEL,"(b) Publication of quotes from religious scriptures or prayer books or the observance of a religious ritual shall not be deemed an offence under section 144B, on condition that it was not intended to cause racism."
885,ISRAEL,Article 144D: Possession of racist publication
886,ISRAEL,"If a person holds a publication prohibited under section 144B for distribution, in order to cause racism, then he is liable to one-year imprisonment, and the publication shall be confiscated."
887,ISRAEL,"


Status of country in relation to the ICCPR



Accession
Succession
Ratification
Declaration/Reservation to Article 20(2)


Israel


x
No


"
888,ISRAEL,Back to the top
889,ISRAEL,
890,ISRAEL,
