index,Country,Legislation
891,ITALY,Criminal Code
892,ITALY,"Article 604 bis: Propaganda and incitement to commit crimes for reasons of racial, ethnic and religious discrimination."
893,ITALY,"I. Unless the fact constitutes a more serious offence, the following are punished:"
894,ITALY,"a) with imprisonment of up to one year and six months or with a fine of up to 6,000 euros for propaganda based on ideas of superiority or ideas of racial or ethnic hatred, or propaganda which instigates to commit or commits acts of discrimination on the grounds of racial, ethnic, national or religious grounds;"
895,ITALY,"b) Imprisonment of six months to four years for a person who in any way, instigates to commit or commits violence or acts of provocation to violence for racial, ethnic, national or religious reasons."
896,ITALY,Law 654/1975 on the Ratification and Execution of the International Convention on the Elimination of All Forms of Racial Discrimination:
897,ITALY,Article 3:
898,ITALY,"I. Unless the fact constitutes a more serious offence, the following are punished:"
899,ITALY,"a) with imprisonment of up to one year and six months or with a fine of up to 6,000 euros for propaganda based on ideas of superiority or ideas of racial or ethnic hatred, or propaganda which instigates to commit or commits acts of discrimination on the grounds of racial, ethnic, national or religious grounds;"
900,ITALY,"b) Imprisonment of six months to four years for a person who in any way, instigates to commit or commits violence or acts of provocation to violence for racial, ethnic, national or religious."
901,ITALY,Law 167/2017: Full Implementation of EU Framework Decision 2008/913/HAD
902,ITALY,"This law, amongst others modifies Law 654/1975:"
903,ITALY,"The main relevant Italian Law is Law 205/1993 which makes it a crime to “propagate ideas based on racial superiority or racial or ethnic hatred, or to instigate to commit or commit acts of discrimination for racial, ethnic, national or religious motives.” The law also punishes those who “instigate in any way or commit violence or acts of provocation to violence for racist, ethnic, national or religious motives.”"
904,ITALY,"


Status of country in relation to the ICCPR



Accession
Succession
Ratification
Declaration/Reservation to Article 20(2)


Italy


x
No


"
905,ITALY,Back to the top
906,ITALY,
907,ITALY,
