index,Country,Legislation
936,KENYA,Constitution
937,KENYA,"Article 33(1): Every person has the right to freedom of expression, which includes— (a) freedom to seek, receive or impart information or ideas; (b) freedom of artistic creativity; and (c) academic freedom and freedom of scientific research."
938,KENYA,"(2) The right to freedom of expression does not extend to— (a) propaganda for war; (b) incitement to violence; (c) hate speech; or (d) advocacy of hatred that— (i) constitutes ethnic incitement, vilification of others or incitement to cause harm; or (ii) is based on any ground of discrimination specified or contemplated in Article 27 (4)."
939,KENYA,"(3) In the exercise of the right to freedom of expression, every person shall respect the rights and reputation of others."
940,KENYA,Criminal Code
941,KENYA,Article 96: Incitement to violence and disobedience of the law
942,KENYA,"Any person who, without lawful excuse, the burden of proof whereof shall lie upon him, utters, prints or publishes any words, or does any act or thing, indicating or implying that it is or might be desirable to do, or omit to do, any act the doing or omission of which is calculated— (a) to bring death or physical injury to any person or to any class, community or body of persons; or (b) to lead to the damage or destruction of any property; or (c) to prevent or defeat by violence or by other unlawful means the execution or enforcement of any written law or to lead to defiance or disobedience of any such law, or of any lawful authority, is guilty of an offence and is liable to imprisonment for a term not exceeding five years."
943,KENYA,National Cohesion and Integration Act 2008
944,KENYA,Article 13: Hate speech
945,KENYA,"(1) A person who— (a) uses threatening, abusive or insulting words or behaviour, or displays any written material; (b) publishes or distributes written material; (c) presents or directs the performance the public performance of a play; (d) distributes, shows or plays, a recording of visual images; or (e) provides, produces or directs a programme, which is threatening, abusive or insulting or involves the use of threatening, abusive or insulting words or behaviour commits an offence if such person intends thereby to stir up ethnic hatred, or having regard to all the circumstances, ethnic hatred is likely to be stirred up. (2) Any person who commits an offence under this section shall be liable to a fine not exceeding one million shillings or to imprisonment for a term not exceeding three years or to both. (3) In this section, “ethnic hatred” means hatred against a group of persons defined by reference to colour, race, nationality (including citizenship) or ethnic or national origins."
946,KENYA,Guidelines on Prevention of Dissemination of Undesirable Bulk and Premium Rate Political Messages and Political Social Media Content via Electronic Communications Networks (2017)
947,KENYA,"Article 5.1.6: “Hate Message” means a message designed to degrade, intimidate or incite to violence or prejudicial action against a person or group of people based on their race, gender, ethnicity, nationality, religion, political affiliation, language, ability or appearance."
948,KENYA,"Article 13.1: Language and Tone All political social media content shall be written in a language that avoids a tone and words that constitute hate speech, ethnic contempt, and incitement to violence, harassment, abuse, violence, defamatory or intimidating."
949,KENYA,"Article 13.4: Hate Speech Political content shall only be published on social media in adherence to the Constitution, NCI Act and other relevant laws with regards to hate speech."
950,KENYA,"


Status of country in relation to the ICCPR



Accession
Succession
Ratification
Declaration/Reservation to Article 20(2)


Kenya
x


No


"
951,KENYA,Back to the top
952,KENYA,
953,KENYA,
