index,Country,Legislation
964,KYRGYZSTAN,Criminal Code
965,KYRGYZSTAN,"Article 299: Incitement of National, Racial, or Religious Enmity:"
966,KYRGYZSTAN,"(1) Actions aimed at the incitement of national, racial, or religious enmity, abasement of human dignity, and also propaganda of the exceptionality, superiority, or inferiority of individuals by their attitude to religion, national, or racial belonging, if these acts have been committed in public or with the use of mass media, shall be punishable by a fine in the amount of one hundred to five hundred minimum monthly wages or by arrest for a term of up to six months, or by deprivation of liberty for a term of one to three years."
967,KYRGYZSTAN,"(2) The same acts committed: 1) with the use of violence or with the threat of its use; 2) by a person through his official position; 3) by an organized group, shall be punishable by deprivation of liberty for a term of three to five years."
968,KYRGYZSTAN,"


Status of country in relation to the ICCPR



Accession
Succession
Ratification
Declaration/Reservation to Article 20(2)


Kyrgyzstan
x





"
969,KYRGYZSTAN,Back to the top
970,KYRGYZSTAN,
971,KYRGYZSTAN,
