index,Country,Legislation
972,LATVIA,Criminal Code
973,LATVIA,"Section 78: Triggering of National, Ethnic and Racial Hatred"
974,LATVIA,"(1) For a person who commits acts directed towards triggering national, ethnic, racial or religious hatred or enmity, the applicable punishment is the deprivation of liberty for a period of up to three years or temporary deprivation of liberty, or community service, or a fine."
975,LATVIA,"(2) For a person who commits the same acts, if they have been committed by a group of persons or a public official, or a responsible employee of an undertaking (company) or organization, or if they have been committed using an automated data processing system, the applicable punishment is the deprivation of liberty for a period of up to five years or temporary deprivation of liberty, or community service, or a fine."
976,LATVIA,"3) For committing the act provided for in Paragraph one of this Section, if it is related to violence or threats or if it is committed by an organized group, the applicable punishment is the deprivation of liberty for a period of up to ten years, with or without probationary supervision for a period of up to three years."
977,LATVIA,Section 150: Incitement of Social Hatred and Enmity
978,LATVIA,"(1) For a person who commits an act oriented towards inciting hatred or enmity depending on the gender, age, disability of a person or any other characteristics, if substantial harm has been caused thereby, the applicable punishment is the deprivation of liberty for a period of up to one year or temporary deprivation of liberty, or community service, or a fine."
979,LATVIA,"(2) For the criminal offence provided for in Paragraph one of this Section, if it has been committed by a public official, or a responsible employee of an undertaking (company) or organisation, or a group of persons, or if it is committed using an automated data processing system, the applicable punishment is the deprivation of liberty for a period of up to three years or temporary deprivation of liberty, or community service, or a fine."
980,LATVIA,"(3) For the act provided for in Paragraph one of this Section, if it is related to violence or threats, or the criminal offence provided for in Paragraph one of this Section, if it has been committed by an organized group, the applicable punishment is the deprivation of liberty for a period of up to four years or temporary deprivation of liberty, or community service, or a fine."
981,LATVIA,"


Status of country in relation to the ICCPR



Accession
Succession
Ratification
Declaration/Reservation to Article 20(2)


Latvia
x


No


"
982,LATVIA,Back to the top
983,LATVIA,
984,LATVIA,
