index,Country,Legislation
990,LESOTHO,Lesotho Criminal Code
991,LESOTHO,Article 78: Expression of hatred or contempt
992,LESOTHO,"A person who utters any words or publishes any writing expressing ha­tred, ridicule or contempt for any person or group of persons, wholly or mainly, because of the person’s or group of persons’ race, ethnic affiliations, gender, dis­ability or colour, commits an offence."
993,LESOTHO,Lesotho Telecommunications Authority (Broadcasting) Rules 2004
994,LESOTHO,Part III
995,LESOTHO,Community Standards
996,LESOTHO,"Article 6: A licensee shall not broadcast content which, measured by contemporary community standards:"
997,LESOTHO,"(f) is likely to incite or perpetuate hatred against or gratuitously vilifies any person or section of the community on account of race, ethnicity, nationality, gender, marital status, sexual preference, age, physical or mental disability, religion or culture."
998,LESOTHO,"


Status of country in relation to the ICCPR



Accession
Succession
Ratification
Declaration/Reservation to Article 20(2)


Lesotho
x


No


"
999,LESOTHO,Back to the top
1000,LESOTHO,
1001,LESOTHO,
