index,Country,Legislation
1026,LITHUANIA,Constitution
1027,LITHUANIA,Article 25: 
1028,LITHUANIA,"Freedom to express convictions and to impart information shall be incompatible with criminal actions—incitement of national, racial, religious, or social hatred, violence and discrimination, with slander and disinformation."
1029,LITHUANIA,Criminal Code
1030,LITHUANIA,"Article 170: Incitement against Any National, Racial, Ethnic, Religious or Other Group of Persons "
1031,LITHUANIA,"1. A person who, for the purposes of distribution, produces, acquires, sends, transports or stores the items ridiculing, expressing contempt for, urging hatred of or inciting discrimination against a group of persons or a person belonging thereto on grounds of age, sex, sexual orientation, disability, race, nationality, language, descent, social status, religion, convictions or views or inciting violence, a physical violent treatment of such a group of persons or the person belonging thereto or distributes them shall be punished by a fine or by restriction of liberty or by arrest or by a custodial sentence for a term of up to one year."
1032,LITHUANIA,"2. A person who publicly ridicules, expresses contempt for, urges hatred of or incites discrimination against a group of persons or a person belonging thereto on grounds of age, sex, sexual orientation, disability, race, nationality, language, descent, social status, religion, convictions or views shall be punished by a fine or by restriction of liberty or by arrest or by a custodial sentence for a term of up to two years."
1033,LITHUANIA,"3. A person who publicly incites violence or a physical violent treatment of a group of persons or a person belonging thereto on grounds of age, sex, sexual orientation, disability, race, nationality, language, descent, social status, religion, convictions or views or finances or otherwise supports such activities shall be punished by a fine or by restriction of liberty or by arrest or by a custodial sentence for a term of up to three years."
1034,LITHUANIA,4. A legal entity shall also be held liable for the acts provided for in this Article.
1035,LITHUANIA,"


Status of country in relation to the ICCPR



Accession
Succession
Ratification
Declaration/Reservation to Article 20(2)


Lithuania
x


No


"
1036,LITHUANIA,Back to the top
1037,LITHUANIA,
1038,LITHUANIA,
