index,Country,Legislation
1039,LUXEMBOURG,Criminal Code
1040,LUXEMBOURG,Article 457-1:
1041,LUXEMBOURG,"A punishment of eight days to two years and a fine of Euro 251 to Euro 25,000 or one of these penalties only is given to:"
1042,LUXEMBOURG,"1) anyone who, either, through speech, cries or threats uttered in public places or meetings or by writing, prints, drawing, engravings, paintings, emblems, images or any other written medium of speech or image sold or distributed, offered for sale or exhibited in public places or meetings, either by placards or posters exposed to the public eye, or by any means of audio-visual communication, incites acts provided for in article 455, hatred or violence towards a person, a group or a community based on one of the characteristics referred to in section 454;"
1043,LUXEMBOURG,"3) whoever prints, manufactures, holds, transports, imports, exports, put into circulation in Luxembourg, sends from Luxembourg, delivers to the post office or to another professional responsible for delivering mail on Luxembourg territory, makes transit through Luxembourg, writings, printed matter, drawings, prints, paintings, posters, photographs, cinematographic films, emblems, images or any other support of writing, speech or image, likely to incite the acts provided for in Article 455, hatred or violence against a person, a group or a community based on one of the characteristics referred to in Article 454."
1044,LUXEMBOURG,The confiscation of the objects listed above will be pronounced in all cases.
1045,LUXEMBOURG,"Note: Elements referred to in Article 454 are: origin, skin colour, sex, sexual orientation, sex change, gender identity, family situation, age, health, disability, customs, political or philosophical opinion, trade union activities, belonging or non-belonging, real or supposed to an ethnic, national, racial or religious group."
1046,LUXEMBOURG,Article 457-3:
1047,LUXEMBOURG,"Whoever, either by speeches, shouts or threats made in public places or meetings, or by writings, prints, drawings, engravings, paintings, emblems, images or any other written, spoken or pictorial material sold or distributed, offered for sale or exhibited in public places or meetings, or by placards or posters displayed in public view, or by any means of audiovisual communication, has disputed, minimised, justified or denied the existence of one or more crimes against humanity or war crimes as defined in Article 6 of the Statute of the International Military Tribunal annexed to the London Agreement of 8 August 1945 and which were committed either by members of an organisation declared criminal under Article 9 of that Statute, or by a person convicted of such crimes by a Luxembourg, foreign or international court is punishable by imprisonment from eight days to two years and a fine of 251 euros to 25. 000 euros or of one of these penalties"
1048,LUXEMBOURG,"


Status of country in relation to the ICCPR



Accession
Succession
Ratification
Declaration/Reservation to Article 20(2)


Luxembourg


x

Declaration:
The Government of Luxembourg declares that it does not consider itself obligated to adopt legislation in the field covered by article 20, paragraph 1, and that article 20 as a whole will be implemented taking into account the rights to freedom of thought, religion, opinion, assembly and association laid down in articles 18, 19 and 20 of the Universal Declaration of Human Rights and reaffirmed in articles 18, 19, 21 and 22 of the Covenant.


"
1049,LUXEMBOURG,Back to the top
1050,LUXEMBOURG,
1051,LUXEMBOURG,
