index,Country,Legislation
1062,MALAYSIA,Criminal Code
1063,MALAYSIA,"Uttering words, etc., with deliberate intent to wound the religious feelings of any person"
1064,MALAYSIA,"Article 298: Whoever, with deliberate intention of wounding the religious feelings of any person, utters any word or makes any sound in the hearing of that person, or makes any gesture in the sight of that person, or places any object in the sight of that person, shall be punished with imprisonment for a term which may extend to one year or with a fine or with both."
1065,MALAYSIA,"Causing, etc., disharmony, disunity, or feelings of enmity, hatred or ill will, or prejudicing, etc., the maintenance of harmony or unity, on grounds of religion"
1066,MALAYSIA,"Article 298A (1): Whoever by words, either spoken or written, or by signs, or by visible representations, or by any act, activity or conduct, or by organizing, promoting or arranging, or assisting in organizing, promoting or arranging, any activity, or otherwise in any other manner— (a) causes, or attempts to cause, or is likely to cause disharmony, disunity, or feelings of enmity, hatred or ill will; or (b) prejudices, or attempts to prejudice, or is likely to prejudice, the maintenance of harmony or unity, on grounds of religion, between persons or groups of persons professing the same or different religions, shall be punished with imprisonment for a term of not less than two years and not more than five years."
1067,MALAYSIA,"


Status of country in relation to the ICCPR



Accession
Succession
Ratification
Declaration/Reservation to Article 20(2)


Malaysia
–
–
–
No


"
1068,MALAYSIA,Back to the top
1069,MALAYSIA,
1070,MALAYSIA,
