index,Country,Legislation
1108,NEPAL,Constitution
1109,NEPAL,Article 17: Right to Freedom
1110,NEPAL,No person shall be deprived of his or her personal liberty except in accordance with law.
1111,NEPAL,(2) Every citizen shall have the following freedoms:
1112,NEPAL,"
freedom of opinion and expression,
freedom to assemble peaceably and without arms,
freedom to form political parties,
freedom to form unions and associations,
freedom to move and reside in any part of Nepal,
freedom to practice any profession, carry on any occupation, and establish and operate any industry, trade and business in any part of Nepal.
"
1113,NEPAL,Provided that:
1114,NEPAL,"(3) Nothing in sub-clause (c) shall be deemed to prevent the making of an Act to impose reasonable restrictions on any act which may undermine the sovereignty, territorial integrity, nationality and independence of Nepal, constitute an espionage against the nation or divulge national secrecy or on any act of rendering assistance to any foreign state, organization or representative in a manner to undermine the security of Nepal or on an act of treason or on any act which may undermine the harmonious relations between the Federal Units or on any act of incitement to caste-based or communal hatred or on any act which may undermine the harmonious relations between various castes, tribes, religions and communities, or on any act of acquisition of, or restriction on, membership of any political party on the basis solely of tribe, language, religion, community or sex or on any act of formation of a political party with discrimination between citizens or on (11) incitement to violent acts or on any act which may be contrary to public morality."
1115,NEPAL,"(4) Nothing in sub-clause (d) shall be deemed to prevent the making of an Act to impose reasonable restrictions on any act which may undermine the sovereignty, territorial integrity, nationality and independence of Nepal, or on any act which may constitute espionage against the nation or on any act of divulgence of national secrecy or on any act assisting any foreign state, organization or representative in a manner to undermine the security of Nepal or on an act of treason or on any act which may undermine the harmonious relations between the Federal Units or on any act of incitement to caste based or communal hatred or on any act which may undermine the harmonious relations between various castes, tribes, religions and communities or on incitement to violent acts or on any act which may be contrary to public morality."
1116,NEPAL,Article 19: Right to communication
1117,NEPAL,"(1) No publication and broadcasting or dissemination or printing of any news item, editorial, feature article or other reading, audio and audio-visual material through any means whatsoever including electronic publication, broadcasting and printing shall be censored. Provided that nothing shall be deemed to prevent the making of Acts to impose reasonable restrictions on any act which may undermine the sovereignty, territorial integrity, nationality of Nepal or the harmonious relations between the Federal Units or the harmonious relations between various castes, tribes, religions or communities, or on any act of treason, defamation or contempt of court or incitement to an offence, or on any act which may be contrary to public decency or morality, on any act of hatred to labour and on any act of incitement to caste-based untouchability as well as gender discrimination."
1118,NEPAL,Article 24: Right against untouchability and discrimination.
1119,NEPAL,"(3) No act purporting to demonstrate any person or community as superior or inferior on grounds of origin, caste, tribe or physical condition or justifying social discrimination on grounds of caste, tribe or untouchability or propagating ideology based on untouchability and caste based superiority or hatred or encouraging caste-based discrimination in any manner whatsoever shall be allowed."
1120,NEPAL,Criminal Code
1121,NEPAL,"Section 49: Prohibition of undermining sovereignty, integrity or national unity:"
1122,NEPAL,"(4) No person shall commit, or cause to be committed, any act that gives rise to hatred, enmity or contempt on grounds of class, race, religion, region, community or similar other ground, which is likely to jeopardize the sovereignty, geographical or territorial integrity, nationality, national unity, independence, dignity, or harmonious relations between federal units, of Nepal or attempt to commit, or abet the commission of, or make conspiracy to commit, such act, or undermine or cause to be undermined the cordial relations subsisting between different castes, races or communities."
1123,NEPAL,"(5) A person who commits, or causes to be committed, the offence referred to in this Section shall be sentenced to the following punishment:"
1124,NEPAL,(c) Imprisonment for a term not exceeding five years and a fine not exceeding fifty thousand rupees in the case of the offence referred to in sub-section (4).
1125,NEPAL,Electronic Transactions Act (2008)
1126,NEPAL,Section 47: Publication of illegal materials in electronic form:
1127,NEPAL,"(1) If any person publishes or displays any material in the electronic media including computer, internet which are prohibited to publish or display by the prevailing law or which may be contrary to the public morality or decent behavior or any types of materials which may spread hate or jealousy against anyone or which may jeopardize the harmonious relations subsisting among the peoples of various castes, tribes and communities shall be liable to the punishment with the fine not exceeding One Hundred Thousand Rupees or with the imprisonment not exceeding five years or with both."
1128,NEPAL,(2) If any person commit an offence referred to in Sub-section (1) time to time he/she shall be liable to the punishment for each time with one and one half percent of the punishment of the previous punishment.
1129,NEPAL,Press and Publications Act (1991)
1130,NEPAL,Section 14: Restriction on publication:
1131,NEPAL,The following matters shall not be allowed to be published in any book or magazine:
1132,NEPAL,"(d) Creating enmity among the people of the various castes, tribes, religions, classes, regions, communities and spreading communal disharmony;"
1133,NEPAL,"and (e) Hurting decency, morals and social honour of the people generally."
1134,NEPAL,National Broadcasting Act (1993)
1135,NEPAL,Section 15: Prohibition on broadcasting of advertisement:
1136,NEPAL,"(1) Notwithstanding anything contained in Section 14, no one shall broadcast, or cause to be broadcast, any advertisement of the following matters:-"
1137,NEPAL,"(f) Materials misinterpreting disregarding, insulting and devaluing any tribe, language, religion and culture."
1138,NEPAL,Some information from secondary sources Article 19.
1139,NEPAL,"


Status of country in relation to the ICCPR



Accession
Succession
Ratification
Declaration/Reservation to Article 20(2)


Nepal
x


No


"
1140,NEPAL,Back to the top
1141,NEPAL,
1142,NEPAL,
