index,Country,Legislation
1157,NEW ZEALAND,Human Rights Act 1993
1158,NEW ZEALAND,Section 61: Racial disharmony
1159,NEW ZEALAND,(1) It shall be unlawful for any person—
1160,NEW ZEALAND,"(a) to publish or distribute written matter which is threatening, abusive, or insulting, or to broadcast by means of radio or television or other electronic communication words which are threatening, abusive, or insulting; or"
1161,NEW ZEALAND,"(b) to use in any public place as defined in section 2(1) of the Summary Offences Act 1981, or within the hearing of persons in any such public place, or at any meeting to which the public are invited or have access, words which are threatening, abusive, or insulting; or"
1162,NEW ZEALAND,"(c) to use in any place words which are threatening, abusive, or insulting if the person using the words knew or ought to have known that the words were reasonably likely to be published in a newspaper, magazine, or periodical or broadcast by means of radio or television, being matter or words likely to excite hostility against or bring into contempt any group of persons in or who may be coming to New Zealand on the ground of the colour, race, or ethnic or national origins of that group of persons."
1163,NEW ZEALAND,"(2) It shall not be a breach of subsection (1) to publish in a newspaper, magazine, or periodical or broadcast by means of radio or television or other electronic communication a report relating to the publication or distribution of matter by any person or the broadcast or use of words by any person, if the report of the matter or words accurately conveys the intention of the person who published or distributed the matter or broadcast or used the words."
1164,NEW ZEALAND,"(3) For the purposes of this section, newspaper means a paper containing public news or observations on public news, or consisting wholly or mainly of advertisements, being a newspaper that is published periodically at intervals not exceeding 3 months"
1165,NEW ZEALAND,"publishes or distributes means publishes or distributes to the public at large or to any member or members of the public written matter includes any writing, sign, visible representation, or sound recording."
1166,NEW ZEALAND,Section 131 Inciting racial disharmony
1167,NEW ZEALAND,"(1) Every person commits an offence and is liable on conviction to imprisonment for a term not exceeding 3 months or to a fine not exceeding $7,000 who, with intent to excite hostility or ill-will against, or bring into contempt or ridicule, any group of persons in New Zealand on the ground of the colour, race, or ethnic or national origins of that group of persons:"
1168,NEW ZEALAND,"(a) publishes or distributes written matter which is threatening, abusive, or insulting, or broadcasts by means of radio or television words which are threatening, abusive, or insulting; or"
1169,NEW ZEALAND,"(b) uses in any public place (as defined in section 2(1) of the Summary Offences Act 1981), or within the hearing of persons in any such public place, or at any meeting to which the public are invited or have access, words which are threatening, abusive, or insulting,—"
1170,NEW ZEALAND,"being matter or words likely to excite hostility or ill-will against, or bring into contempt or ridicule, any such group of persons in New Zealand on the ground of the colour, race, or ethnic or national origins of that group of persons."
1171,NEW ZEALAND,"(2) For the purposes of this section, publishes or distributes and written matter have the meaning given to them in section 61."
1172,NEW ZEALAND,"The Films, Videos and Publications Classification Act 1993"
1173,NEW ZEALAND,Section 3: Meaning of objectionable
1174,NEW ZEALAND,"(3) In determining, for the purposes of this Act, whether or not any publication (other than a publication to which subsection (2) applies) is objectionable or should in accordance with section 23(2) be given a classification other than objectionable, particular weight shall be given to the extent and degree to which, and the manner in which, the publication—"
1175,NEW ZEALAND,"(e) represents (whether directly or by implication) that members of any particular class of the public are inherently inferior to other members of the public by reason of any characteristic of members of that class, being a characteristic that is a prohibited ground of discrimination specified in section 21(1) of the Human Rights Act 1993."
1176,NEW ZEALAND,"


Status of country in relation to the ICCPR



Accession
Succession
Ratification
Declaration/Reservation to Article 20(2)


New Zealand


x

Yes (Reservation)
The Government of New Zealand having legislated in the areas of the advocacy of national and racial hatred and the exciting of hostility or ill will against any group of persons, and having regard to the right of freedom of speech, reserves the right not to introduce further legislation with regard to article 20.


"
1177,NEW ZEALAND,Back to the top
1178,NEW ZEALAND,
1179,NEW ZEALAND,
