index,Country,Legislation
1217,PAKISTAN,Criminal Code 
1218,PAKISTAN,"Article 153(a) Promoting enmity between different groups, etc:"
1219,PAKISTAN,Whoever:
1220,PAKISTAN,"


(a)
by words, either spoken or written, or by signs, or by visible representations or otherwise, promotes or incites, or attempts to promote or incite, on grounds of religion, race, place of both, residence. language, caste or community or any other ground whatsoever, disharmony or feelings of enmity, hatred or ill-will between different religious, racial, language or regional groups or castes or communities; or


(b)
commits, or incites any other person to commit, any act which is prejudicial to the maintenance of harmony between different religious, racial, language or regional groups or castes or communities or any group of persons identifiable as such on any ground whatsoever and which disturbs or is likely to disturb public tranquillity; or


(c)
organizes, or incites any other person to organize, and exercise, movement, drill or other similar activity intending that the participants in any such activity shall use or be trained to use criminal force or violence or knowing it to be likely that the participants in any such activity will use or be trained to use criminal force or violence or participates, or incites any other person to participate, in any such activity intending to use or be trained to use criminal force or violence or knowing it to be likely that the participants in any such activity will use or be trained, to use criminal force or violence, against any religious, racial, language or regional group or caste or community or any group of persons identifiable as such on any ground whatsoever and any such activity for any reason whatsoever cause or is likely to cause fear or alarm or a feeling of insecurity amongst members of such religious, racial, language or regional group or caste or community. shall be punished with imprisonment for a term which may extend to five years and with a fine.


"
1221,PAKISTAN,"Explanation: It does not amount to an offence within the meaning of this section to point out, without malicious intention and with an honest view to their removal, matters which are producing, or have a tendency to produce, feelings of enmity or hatred between different religious, racial, language or regional groups or castes or communities."
1222,PAKISTAN,"


Status of country in relation to the ICCPR



Accession
Succession
Ratification
Declaration/Reservation to Article 20(2)


Pakistan


x

No, but:
The Government of the Islamic Republic of Pakistan reserves its right to attach appropriate reservations, make declarations and state its understanding in respect of various provisions of the Covenant at the time of ratification.


"
1223,PAKISTAN,Back to the top
1224,PAKISTAN,
1225,PAKISTAN,
