index,Country,Legislation
1256,POLAND,Criminal Code
1257,POLAND,Article 256:
1258,POLAND,"1. Whoever publicly promotes a fascist or other totalitarian system of state or incites hatred against the background of differences in nationality, ethnic, racial, or religious affiliation or because of the lack of religious beliefs shall be subject to a fine, restriction of liberty or imprisonment of up to 2 years."
1259,POLAND,"2. The same penalty shall be applied to a person who in order to disseminate produces, records or brings, acquires, holds, owns, shows, transports or transmits a printed, recorded or other item, with a content described in paragraph 1 or containing the symbols of fascist, communist or other totalitarian regimes."
1260,POLAND,"3. An offence specified in paragraph 2 should be considered as non-committed if the described actions were performed in the view of artistic, educational, scientific, or collecting purpose."
1261,POLAND,"4. In the event of a conviction for an offence referred to in paragraph 2, the court shall order the seizure of objects referred to in paragraph 2, even when the objects were not in the property of a perpetrator."
1262,POLAND,"


Status of country in relation to the ICCPR



Accession
Succession
Ratification
Declaration/Reservation to Article 20(2)


Poland


x
No


"
1263,POLAND,Back to the top
1264,POLAND,
1265,POLAND,
