index,Country,Legislation
1266,PORTUGAL,Criminal Code
1267,PORTUGAL,"Article 240: Racial, religious or sexual discrimination"
1268,PORTUGAL,"2. Whoever, in a public meeting, by writing aimed to disclose or through any media or informatics system aimed to disclose:"
1269,PORTUGAL,"a) Gives rise to violence against a person or group of persons due to their race, colour, ethnic or national origin, religion, sex or sexual orientation; or"
1270,PORTUGAL,"b) Defames or insults a person or group of persons due to their race, colour, ethnic or national origin, religion, sex or sexual orientation, namely though the denial of war crimes or against peace and humanity; or"
1271,PORTUGAL,"c) Threatens a person or group of persons due to their race, colour, ethnic or national origin, religion, sex or sexual orientation;"
1272,PORTUGAL,"with the intent to incite to racial, religious or sexual discrimination, or to encourage it, is punished with a sentence of imprisonment from six months to five years."
1273,PORTUGAL,"


Status of country in relation to the ICCPR



Accession
Succession
Ratification
Declaration/Reservation to Article 20(2)


Portugal


x
No


"
1274,PORTUGAL,Back to the top
1275,PORTUGAL,
1276,PORTUGAL,
