index,Country,Legislation
1285,ROMANIA,Criminal Code
1286,ROMANIA,Article 369: Incitement to hatred or discrimination
1287,ROMANIA,"Inciting the public, by any means, hatred or discrimination against a class of persons shall be punished with imprisonment of six months to three years or a fine."
1288,ROMANIA,Article 77: Aggravating circumstances
1289,ROMANIA,"h) an offence for reasons of race, nationality, ethnicity, language, religion, gender, sexual orientation, opinion or political affiliation, wealth, social origin, age, disability, noncontagious disease or HIV / AIDS or other circumstances"
1290,ROMANIA,"


Status of country in relation to the ICCPR



Accession
Succession
Ratification
Declaration/Reservation to Article 20(2)


Romania


x
No


"
1291,ROMANIA,Back to the top
1292,ROMANIA,
1293,ROMANIA,
