index,Country,Legislation
1294,RUSSIAN FEDERATION,Federal Criminal Code
1295,RUSSIAN FEDERATION,"Article 282. Incitement of Hatred or Enmity, as Well as Abasement of Human Dignity"
1296,RUSSIAN FEDERATION,"1. Actions aimed at the incitement of hatred or enmity, as well as abasement of dignity of a person or a group of persons on the basis of sex, race, nationality, language, origin, attitude to religion, as well as affiliation to any social group, if these acts have been committed in public or with the use of mass media, shall be punishable with a fine in the amount of 100 thousand to 300 thousand Roubles, or in the amount of a wage/salary or any other income of the convicted person for a period of one to two years, or with deprivation of the right to hold specified offices or to engage in specified activities for a term of up to three years, or with obligatory labour for a term of up to 360 hours, or with corrective labour for a term of up to one year, or with compulsory labour for a term of up to two years, or with deprivation of liberty for the same term."
1297,RUSSIAN FEDERATION,"2. The same deeds committed: a) with the use of violence or with the threat of its use; b) by a person through his official position; c) by an organized group, – shall be punishable with a fine in the amount of 100 thousand to 500 thousand Roubles, or in the amount of a wage/salary or any other income of the convicted person for a period of one to three years, or with deprivation of the right to hold specified offices or to engage in specified activities for a term of up to five years, or with obligatory labour for a term of up to 480 hours, or with corrective labour for a term of one to two years, or with compulsory labour for a term of up to five years, or with deprivation of liberty for the same term."
1298,RUSSIAN FEDERATION,"


Status of country in relation to the ICCPR



Accession
Succession
Ratification
Declaration/Reservation to Article 20(2)


Russian Federation


x
No


"
1299,RUSSIAN FEDERATION,Back to the top
1300,RUSSIAN FEDERATION,
1301,RUSSIAN FEDERATION,
