index,Country,Legislation
1363,SERBIA,Criminal Code
1364,SERBIA,"Article 317: Instigating national, racial and religious hatred and intolerance"
1365,SERBIA,"(1) Whoever provokes or incites ethnic, racial or religious hatred or intolerance among the peoples or ethnic communities living in Serbia, shall be punished by imprisonment of six months to five years."
1366,SERBIA,"(2) If the offence referred to in paragraph 1 of this Article is committed by coercion, maltreatment, compromising of security, exposure to derision of national, ethnic or religious symbols, damage to other person’s goods, desecration of monuments, memorials or graves, the offender shall be punished by imprisonment of one to eight years."
1367,SERBIA,"(3) Whoever commits the offence referred to in paragraphs 1 and 2 of this Article by abuse of power or authority, or if these offences result in riots, violence or other grave consequences to the co-existence of peoples, national minorities or ethnic groups living in Serbia, shall be punished for the offence referred to in paragraph 1 of this Article by imprisonment of one to eight years, and for the offence referred to in paragraph 2 of this Article by imprisonment of two to ten years."
1368,SERBIA,"


Status of country in relation to the ICCPR 



Accession
Succession
Ratification
Declaration/Reservation to Article 20(2)


Serbia

x

No


"
1369,SERBIA,Back to the top
1370,SERBIA,
1371,SERBIA,
