index,Country,Legislation
1383,SINGAPORE,Criminal Code
1384,SINGAPORE,"Uttering words, etc., with deliberate intent to wound the religious or racial feelings of any person."
1385,SINGAPORE,"Section 298: Whoever, with deliberate intention of wounding the religious or racial feelings of any person, utters any word or makes any sound in the hearing of that person, or makes any gesture in the sight of that person, or places any object in the sight of that person, or causes any matter however represented to be seen or heard by that person, shall be punished with imprisonment for a term which may extend to 3 years, or with a fine, or with both."
1386,SINGAPORE,Promoting enmity between different groups on grounds of religion or race and carrying out acts prejudicial to maintenance of harmony.
1387,SINGAPORE,Section 298A.
1388,SINGAPORE,Whoever —
1389,SINGAPORE,"(a)                  by words, either spoken or written, or by signs or by visible representations or otherwise, knowingly promotes or attempts to promote, on grounds of religion or race, disharmony or feelings of enmity, hatred or ill-will between different religious or racial groups; or"
1390,SINGAPORE,"(b)                  commits any act which he knows is prejudicial to the maintenance of harmony between different religious or racial groups and which disturbs or is likely to disturb the public tranquility,"
1391,SINGAPORE,"shall be punished with imprisonment for a term which may extend to 3 years, or with a fine, or with both."
1392,SINGAPORE,"


Status of country in relation to the ICCPR



Accession
Succession
Ratification
Declaration/Reservation to Article 20(2)


Singapore
x


No


"
1393,SINGAPORE,Back to the top
1394,SINGAPORE,
1395,SINGAPORE,
