index,Country,Legislation
1396,SLOVAKIA,Constitution
1397,SLOVAKIA,Article 63: Prohibition of Incitement to Discrimination and Intolerance and Prohibition of Incitement to Violence and War
1398,SLOVAKIA,"Any incitement to national, racial, religious, or other discrimination, and the inflaming of national, racial, religious, or other hatred and intolerance are unconstitutional."
1399,SLOVAKIA,Criminal Code
1400,SLOVAKIA,"Article 297: Public Incitement to Hatred, Violence or Intolerance Article 297 "
1401,SLOVAKIA,"(1) Whoever publicly provokes or stirs up ethnic, racial, religious or other hatred, strife or intolerance, or provokes any other inequality on the basis of physical or mental deficiencies or sexual orientation, shall be punished by imprisonment of up to two years."
1402,SLOVAKIA,"(2) The same sentence shall be imposed on a person who publicly disseminates ideas on the supremacy of one race over another, or provides aid in any manner for racist activity or denies, diminishes the significance of, approves, disregards, makes fun of, or advocates genocide, holocaust, crimes against humanity, war crime, aggression, or other criminal offences against humanity."
1403,SLOVAKIA,"(3) If the offence under preceding paragraphs has been committed by publication in mass media, the editor or the person acting as the editor shall be sentenced to the punishment, by imposing the punishment referred to in paragraphs 1 or 2 of this Article, except if it was a live broadcast and he was not able to prevent the actions referred to in the preceding paragraphs."
1404,SLOVAKIA,"(4) If the offence under paragraphs 1 or 2 of this Article has been committed by coercion, maltreatment, endangering of security, desecration of national, ethnic or religious symbols, damaging the movable property of another, desecration of monuments or memorial stones or graves, the perpetrator shall be punished by imprisonment of up to three years."
1405,SLOVAKIA,"(5) If the acts under paragraphs 1 or 2 of this Article have been committed by an official by abusing their official position or rights, he shall be punished by imprisonment of up to five years."
1406,SLOVAKIA,"(6) Material and objects bearing messages from paragraph 1 of this Article, and all devices intended for their manufacture, multiplication and distribution, shall be confiscated, or their use disabled in an appropriate manner."
1407,SLOVAKIA,The Protection against Discrimination Act 2016
1408,SLOVAKIA,Article 7: Other forms of discrimination
1409,SLOVAKIA,Discrimination shall also include:
1410,SLOVAKIA,-incitement to discrimination
1411,SLOVAKIA,Article 10 (Inciting discrimination) 
1412,SLOVAKIA,"(1) Inciting discrimination is any incitement of other persons to carry out actions the result of which is, was or could be discrimination as per the provisions of this Act. Prohibited severe conduct particularly includes delivering or disseminating racist, religious, national and sexually discriminatory appeals, inducing, abetting or inciting hatred and discrimination, and broader public haranguing which promotes discrimination."
1413,SLOVAKIA,"(2) The public justification for neglecting or despising persons or groups of people due to personal circumstances under Article 1 of this Act is also prohibited as discrimination, including justifying ideas of the supremacy or superiority of a person or a group of people with certain characteristics which arise from the aforementioned personal circumstances and which are supposedly superior to those who are not part of such group."
1414,SLOVAKIA,"


Status of country in relation to the ICCPR



Accession
Succession
Ratification
Declaration/Reservation to Article 20(2)


Slovakia

x

No


"
1415,SLOVAKIA,Back to the top
1416,SLOVAKIA,
1417,SLOVAKIA,
