index,Country,Legislation
1447,SOUTH SUDAN,Media Authority Act 2013
1448,SOUTH SUDAN,Section 5. Interpretation
1449,SOUTH SUDAN,"“Hate Speech” means any speech made publicly to advocate racial, ethnic or religious hatred or incitement to hostility, xenophobia or violence towards a target group;"
1450,SOUTH SUDAN,Section 29: Hate Speech and Incitement to Violence
1451,SOUTH SUDAN,"(1) It shall be an offense to publish, broadcast or otherwise disseminate statements that threaten, insult, ridicule or otherwise abuse a person or group with language that is intended to, and does or may provably incite others to commit acts of violence or to discriminate against that person or group, or is published, broadcast or otherwise disseminated in reckless disregard of the probability that it may incite such violence or discrimination."
1452,SOUTH SUDAN,"(2) In all cases, a nexus must be established between the words and an actual or probable act of violence or discrimination. Language that is merely offensive or insulting may not be subjected to liability under this Section. Language that is followed by an act of violence or discrimination that was not intended or could not reasonably have been foreseen shall not be the basis of liability under this Section."
1453,SOUTH SUDAN,"(3) Complaints of such offensive language shall be made to the Press and Broadcast Council, which shall investigate the merits of the complaint and attempt to resolve the matter through mediation and negotiation."
1454,SOUTH SUDAN,"(4) If the Council finds merit to the complaint but is unable to negotiate a resolution acceptable to both parties, the Council shall refer the case to the Board of the Authority, which may dismiss the claim or hear it and reach a resolution."
1455,SOUTH SUDAN,"(5) Sanctions for a finding of liability under this Section may include: (a) The requirement to publish or broadcast a correction, apology or both. (b) Compensation for actual damages. (c) A punitive fine. (d) A warning; (e) Suspension of the broadcast licence; (f) Denial of entry into premises; (g) Seizure of equipment; (h) Closedown of broadcasting operations; or (i) Termination of the broadcast licence. (j) In the case of print publications found to have violated this section with intent or reckless disregard, where the damage is serious, the publication may be ordered to cease publication and all equipment may be seized."
1456,SOUTH SUDAN,"(6) In serious cases, where malicious intent or recklessness is shown and damage is serious, a prison term of up to five years may be imposed by a competent court. Malice may be defined in this section as intent to arouse hatred or discrimination because of religious, ethnic, gender or other reason recognized as discriminatory."
1457,SOUTH SUDAN,"


Status of country in relation to the ICCPR



Accession
Succession
Ratification
Declaration/Reservation to Article 20(2)


South Sudan
x


No


"
1458,SOUTH SUDAN,Back to the top
1459,SOUTH SUDAN,
1460,SOUTH SUDAN,
