index,Country,Legislation
1461,SPAIN,Criminal Code
1462,SPAIN,Article 510: 
1463,SPAIN,1.A prison sentence of one to four years and a fine payable for six to twelve months handed to:
1464,SPAIN,"a) Those who publicly encourage, promote or incite directly or indirectly to hatred, hostility, discrimination or violence against a group, a part of it or against a person determined by reason of their membership, for racist, anti-Semitic reasons or others referring to the ideology, religion or beliefs, family situation, the belonging of their members of an ethnicity, race or nation, their national origin, their sex, orientation or identity sexual, for reasons of gender, illness or disability. b) Those who produce, elaborate, possess for the purpose of distributing, provide third parties people to access, distribute, disseminate or sell writings or any other kind of material or supports that, due to their content, are suitable to encourage, promote, or incite directly or indirectly to hatred, hostility, discrimination or violence against a group, a part of it, or against a person determined by reason of belonging to it, for racist, anti-Semitic or other reasons referring to ideology, religion or beliefs, situation family, the belonging of its members to an ethnic group, race or nation, their national origin, their sex, sexual orientation or identity, based on gender, illness or disability."
1465,SPAIN,2. A prison sentence of six months to two years and a fine which is payable for six to twelve months handed to:
1466,SPAIN,"a) Those who harm the dignity of persons through actions that involve humiliation, disparagement or discrediting of any of the groups referred to in the section above, or a part of them, or of any person determined by reason of their membership of them for racist, anti-Semitic or other reasons related to ideology, religion or beliefs, family situation, the belonging of its members to an ethnic group, race or nation, their national origin, your sex, sexual orientation or identity, based on gender, illness or disability, or produce, produce, possess for the purpose of distributing, facilitating third parties access, distribute, disseminate or sell writings or any other kind of material or supports that, due to their content, are suitable to damage the dignity of the people for representing a serious humiliation, contempt or discredit of any of the groups mentioned, a part of them, or any person determined by reason of their belonging to them."
1467,SPAIN,"b) Those who praise or justify by any means of public expression or dissemination of crimes that had been committed against a group, a part of it, or against a person determined by reason of belonging to that person for racist reasons, anti-Semitic or other related to ideology, religion or beliefs, family situation, membership of its members to an ethnic group, race or nation, their national origin, their sex, sexual orientation or identity, for reasons of gender, illness or disability, or to those who participated in its execution."
1468,SPAIN,"The acts will be punished with a penalty of one to four years in prison and a fine of six to twelve months when in this way a climate of violence is promoted or favored, hostility, hatred or discrimination against the aforementioned groups."
1469,SPAIN,3. The penalties provided for in the preceding paragraphs will be imposed in the upper half
1470,SPAIN,"when the events had been carried out through a social communication medium, through the internet or through the use of information technologies, so that, that was made accessible to a large number of people."
1471,SPAIN,"4. When the facts, in view of their circumstances, are suitable to alter the public peace or create a serious sense of insecurity or fear among members of the group, the penalty will be imposed in its upper half, which may be raised to the upper half in degree."
1472,SPAIN,"5. In all cases, the penalty of special disqualification will also be imposed for educational profession or trade, in the field of teaching, sports and leisure time, for a time between three and ten years longer than the duration of the sentence of deprivation of liberty imposed in his case in the sentence, proportionally attending to the seriousness of the crime, the number of the committed and the circumstances that concur in the offender."
1473,SPAIN,"6. The judge or court will agree to the destruction, erasure or uselessness of the books, files, documents, articles and any kind of support object of the crime referred to in the previous sections or through which it was committed. When the crime is committed through information and communication technologies, there will be withdrawal of the contents. In cases in which the content is exclusively or predominantly disseminated through an internet access portal or service of the information society, the blocking of access or the interruption of the provision of access occurs."
1474,SPAIN,"


Status of country in relation to the ICCPR



Accession
Succession
Ratification
Declaration/Reservation to Article 20(2)


Spain


x
No


"
1475,SPAIN,Back to the top
1476,SPAIN,
1477,SPAIN,
