index,Country,Legislation
1323,STATE OF PALESTINE,The Criminal Code of Jordan is applied in the West Bank:
1324,STATE OF PALESTINE,Section 5: Crimes Harming National Unity and the Coexistence between the Nation’s Elements 
1325,STATE OF PALESTINE,"Article 150: Any writing or speech aims at or results in stirring sectarian or racial prejudices or the incitement of conflict between different sects or the nation’s elements, such act shall be punished by imprisonment for no less than six months and no more than three years and a fine not to exceed five hundred Dinars."
1326,STATE OF PALESTINE,Palestinian Press and Publications Law
1327,STATE OF PALESTINE,"Article 8 (d): states that it is incumbent on everyone who works in the press, in accordance with ethical standards, to refrain from publishing anything that might fuel violence, intolerance or hatred, or to issue calls for racism and sectarianism."
1328,STATE OF PALESTINE,"Article 37: of the Law contains a long list of prohibitions on what newspapers may publish. Among other things, it bans the publication of articles which would offend against national unity, incite others to commit crimes or sow hatred and discord among members of society."
1329,STATE OF PALESTINE,"Article 47: provides that for violations of Article 37, the competent authority for making an administrative decision has the right to order the seizure and confiscation of all of the copies of a newspaper published on a given day. The court may also order the suspension of a newspaper for a period of up to three months for such violations, in addition to any other punishment."
1330,STATE OF PALESTINE,Information taken from secondary source (MedMedia)
1331,STATE OF PALESTINE,Presidential Decree on the Consecration of National Unity and Prevention of Incitement
1332,STATE OF PALESTINE,"Article 1: of this Decree prohibits acts of incitement to discrimination, encouragement of violence, directing insults at different religions and inciting violence that harms relations with other countries."
1333,STATE OF PALESTINE,Information taken from secondary source (MedMedia)
1334,STATE OF PALESTINE,"


Status of country in relation to the ICCPR



Accession
Succession
Ratification
Declaration/Reservation to Article 20(2)


State of Palestine
x


No


"
1335,STATE OF PALESTINE,Back to the top
1336,STATE OF PALESTINE,
1337,STATE OF PALESTINE,
