index,Country,Legislation
1489,SWEDEN,Criminal Code
1490,SWEDEN,"Chapter 16, Section 8 of the Penal Code:"
1491,SWEDEN,"A person who, in a statement or other communication that is disseminated, threatens or expresses contempt for a population group by allusion to race, colour, national or ethnic origin, religious belief, sexual orientation or transgender identity or expression is guilty of agitation against a population group and is sentenced to imprisonment for at most two years or, if the offence is minor, to a fine."
1492,SWEDEN,"


Status of country in relation to the ICCPR



Accession
Succession
Ratification
Declaration/Reservation to Article 20(2)


Sweden


x

Yes (Reservation)
Sweden reserves the right not to apply the provisions of article 10, paragraph 3, with regard to the obligation to segregate juvenile offenders from adults, the provisions of article 14, paragraph 7, and the provisions of article 20, paragraph 1, of the Covenant.


"
1493,SWEDEN,Back to the top
1494,SWEDEN,
1495,SWEDEN,
