index,Country,Legislation
1496,SWITZERLAND,Criminal Code
1497,SWITZERLAND,Art. 261bis: Discrimination and incitement to hatred
1498,SWITZERLAND,"Any person who publicly incites hatred or discrimination against a person or a group of persons on the grounds of their race, ethnic origin, religion or sexual orientation,"
1499,SWITZERLAND,"any person who publicly disseminates ideologies that have as their object the systematic denigration or defamation of that person or group of persons,"
1500,SWITZERLAND,"any person who with the same objective organises, encourages or participates in propaganda campaigns,"
1501,SWITZERLAND,"any person who publicly denigrates or discriminates against another or a group of persons on the grounds of their race, ethnic origin, religion or sexual orientation in a manner that violates human dignity, whether verbally, in writing or pictorially, by using gestures, through acts of aggression or by other means, or any person who on any of these grounds denies, trivialises or seeks justification for genocide or other crimes against humanity,"
1502,SWITZERLAND,"any person who refuses to provide a service to another on the grounds of that person’s race, ethnic origin, religion or sexual orientation when that service is intended to be provided to the general public, is liable to a custodial sentence not exceeding three years or to a monetary penalty."
1503,SWITZERLAND,"


Status of country in relation to the ICCPR



Accession
Succession
Ratification
Declaration/Reservation to Article 20(2)


Switzerland


x

Yes (Reservation)
Reservation concerning article 20: Switzerland reserves the right not to adopt further measures to ban propaganda for war, which is prohibited by article 20, paragraph 1


"
1504,SWITZERLAND,Back to the top
1505,SWITZERLAND,
1506,SWITZERLAND,
