index,Country,Legislation
1514,TAJIKISTAN,Criminal Code
1515,TAJIKISTAN,"Article 189: Arousing National, Racial, Local or Religious Hostility"
1516,TAJIKISTAN,"(1) Actions, which lead to arousing national, racial, local or religious hostility, or dissension, humiliating national dignity, as well as propaganda of the exclusiveness of citizens by a sign of their relation to religion, national, racial, or local origin, if these actions were committed in public or using means of mass media, are punishable by up to 5 years of restriction of liberty or imprisonment for the same period of time."
1517,TAJIKISTAN,"(2) The same actions, if committed:"
1518,TAJIKISTAN,a) repeatedly;
1519,TAJIKISTAN,b) using violence or threat of its using;
1520,TAJIKISTAN,c) using an official position;
1521,TAJIKISTAN,"d) by a group of individuals or group of individuals in a conspiracy,"
1522,TAJIKISTAN,are punishable by imprisonment for a period of 5 to 10 years simultaneously with deprivation of the right to hold certain positions or to be involved in a certain activity of 2 to 5 years or without it.
1523,TAJIKISTAN,"(3) The actions, specified in paragraphs 1 and 2 of the present Article, if they were:"
1524,TAJIKISTAN,a) committed by an organized group;
1525,TAJIKISTAN,b) caused carelessly death of a human or other serious consequences;
1526,TAJIKISTAN,c) caused forcible expulsion of a citizen from his permanent place of residence;
1527,TAJIKISTAN,"d) committed by a dangerous or an especially dangerous recidivist,"
1528,TAJIKISTAN,are punishable by imprisonment for a period of 8 to 12 years simultaneously with deprivation of the right to hold certain positions or to be involved in a certain activity for up to 5 years or without it.
1529,TAJIKISTAN,"


Status of country in relation to the ICCPR



Accession
Succession
Ratification
Declaration/Reservation to Article 20(2)


Tajikistan
x


No


"
1530,TAJIKISTAN,Back to the top
1531,TAJIKISTAN,
1532,TAJIKISTAN,
