index,Country,Legislation
1533,TANZANIA,The Electronic and Postal Communications (Online Content) Regulations 2020
1534,TANZANIA,Preliminary Provisions 
1535,TANZANIA,"2. These Regulations shall apply to online content service providers, internet service providers, application services licensees, online content users and any other related online content."
1536,TANZANIA,"“content” means information in form of speech or other sound, data, text or images whether still or moving except where transmitted in private communications;"
1537,TANZANIA,"“hate speech” means any portrayal in words, speech, pictures, etc., which denigrates, defames or otherwise devalues a person or group on the basis of race, ethnicity, religion or disability;"
1538,TANZANIA,4. Licence Requirement
1539,TANZANIA,(1) A person shall not provide online content services without obtaining a licence from the Authority.
1540,TANZANIA,5. General Provisions 
1541,TANZANIA,Article 16: 
1542,TANZANIA,1) A person shall not publish any prohibited content as set out in the Third Schedule.
1543,TANZANIA,"(2) A person shall not render, possess or distribute technology, program, application or any other related thing that allows or helps users to have access to prohibited content."
1544,TANZANIA,Article 20: 
1545,TANZANIA,"(1) A person may file a complaint to an online content service provider in relation to any matter connected with prohibited content and the licensee shall, within twelve hours, resolve the complaint."
1546,TANZANIA,"(2) Where the online content provider fails to resolve the complaint within the time specified, the aggrieved person may, within thirty days from the date of filing the complaint, refer the complaint to the Authority. G.N No. 203 of 2018."
1547,TANZANIA,(3) The Authority shall handle a complaint referred to it pursuant to subregulation (2) in accordance with the Content Committee Procedures Rules.
1548,TANZANIA,"(4) A person aggrieved by the decision of the Authority may appeal to the Fair Competition Tribunal. Penalties 21 (1) A person who contravenes the provisions of these Regulations commits an offence and shall, upon conviction, where no specific punishment has been provided, be liable to a fine of not less than five million shillings or to imprisonment for a term of not less than twelve months or both. (2) Where a breach under these Regulations is committed by a licensee, the Authority may subject the licensee to the Content Committee. (3) Upon determination, and pursuant to sub-regulation (2), the Content Committee may take one or more of the following actions: (a) issue a warning to the licensee; (b) require the licensee to issue an apology to the public and the victim of complained content; (c) order removal of the content; or (d) impose a fine in accordance with the Act."
1549,TANZANIA,Third Schedule: Prohibited Content 
1550,TANZANIA,"3(a) (m) content that promotes or favours what would raise sedition, hatred or racism or sectarianism or harming of national unity or social peace or disturb the public order or public morals;"
1551,TANZANIA,7(c) (c) content that would constitute any form of discrimination and provoke hate speech or inciting tribal or religious prejudices with intent to incite hatred between individuals and groups;
1552,TANZANIA,"


Status of country in relation to the ICCPR



Accession
Succession
Ratification
Declaration/Reservation to Article 20(2)


Tanzania
x


No


"
1553,TANZANIA,Back to the top
1554,TANZANIA,
1555,TANZANIA,
