index,Country,Legislation
1143,THE NETHERLANDS,Criminal Code
1144,THE NETHERLANDS,Article 137(c):
1145,THE NETHERLANDS,"1. Any person who in public, either verbally or in writing or through images, intentionally makes an insulting statement about a group of persons because of their race, religion or beliefs, their hetero or homosexual orientation or their physical, mental or intellectual disability, shall be liable to a term of imprisonment not exceeding one year or a fine of the third category."
1146,THE NETHERLANDS,"2. If the offence is committed by a person who makes a profession or habit of it or by two or more persons in concert, a term of imprisonment not exceeding two years or a fine of the fourth category shall be imposed."
1147,THE NETHERLANDS,Section 137(d):
1148,THE NETHERLANDS,"1. Any person who publicly, either verbally or in writing or through images, incites hatred of or discrimination against persons or violence against their person or property because of their race, religion or beliefs, their sex, their hetero or homosexual orientation or their physical, mental or intellectual disability, shall be liable to a term of imprisonment not exceeding one year or a fine of the third category."
1149,THE NETHERLANDS,"2. If the offence is committed by a person who makes a profession or habit of it or by two or more persons in concert, a term of imprisonment not exceeding two years or a fine of the fourth category shall be imposed."
1150,THE NETHERLANDS,Section 137e:
1151,THE NETHERLANDS,"1. Any person who, for any reason other than the provision of factual information: 1°. makes public a statement which he knows or should reasonably suspect to be insulting to a group of persons because of their race, religion or beliefs, their hetero- or homosexual orientation or their physical, mental or intellectual disability, or incites hatred of or discrimination against persons or violence against their person or property because of their race, religion or beliefs, their sex, their hetero or homosexual orientation or their physical, mental or intellectual disability; 2° sends or distributes, without request, an object which he knows or should reasonably suspect to contain such a statement to another person, or has such object in store for public disclosure or distribution; shall be liable to a term of imprisonment not exceeding six months or a fine of the third category."
1152,THE NETHERLANDS,"2. If the offence is committed by a person who makes a profession or habit of it or by two or more persons in concert, a term of imprisonment not exceeding one year or a fine of the fourth category shall be imposed."
1153,THE NETHERLANDS,"


Status of country in relation to the ICCPR



Accession
Succession
Ratification
Declaration/Reservation to Article 20(2)


The Netherlands


x

Yes (Reservation)
The Kingdom of the Netherlands does not accept the obligation set out in this provision in the case of the Netherlands.
The Kingdom of the Netherlands clarifies that although  the reservations […] are partly of an interpretational nature, [it] has preferred reservations to interpretational declarations in all cases, since if the latter form were used doubt might arise concerning whether the text of the Covenant allows for the interpretation put upon it. By using the reservation form the Kingdom of the Netherlands wishes to ensure in all cases that the relevant obligations arising out of the Covenant will not apply to the Kingdom, or will apply only in the way indicated.


"
1154,THE NETHERLANDS,Back to the top
1155,THE NETHERLANDS,
1156,THE NETHERLANDS,
