index,Country,Legislation
1561,TIMOR-LESTE,Criminal Code
1562,TIMOR-LESTE,Section 135:
1563,TIMOR-LESTE,"1. Any person who establishes or constitutes an organization or develops activities of organized propaganda inciting or encouraging religious or racial discrimination, hatred or violence, or takes part in the organization or carrying out of the activities referred to in the previous paragraph, or provides assistance thereto, including funding, is punishable with 4 to 12 years’ imprisonment."
1564,TIMOR-LESTE,"2. Any person who, at a public meeting, through written medium destined for dissemination or in the media, provokes acts of violence against a person or group of people on grounds of race, colour, ethnic origin or religion, with the intent to incite or encourage racial or religious discrimination, is punishable with 2 to 8 years’ imprisonment."
1565,TIMOR-LESTE,"


Status of country in relation to the ICCPR



Accession
Succession
Ratification
Declaration/Reservation to Article 20(2)


Timor-Leste
x


No


"
1566,TIMOR-LESTE,Back to the top
1567,TIMOR-LESTE,
1568,TIMOR-LESTE,
