index,Country,Legislation
1581,TRINIDAD AND TOBAGO,Sedition Act 1920
1582,TRINIDAD AND TOBAGO,Article 3:
1583,TRINIDAD AND TOBAGO,(1) A seditious intention is an intention
1584,TRINIDAD AND TOBAGO,"(a) to bring into hatred or contempt, or to excite disaffection against Government or the Constitution as by law established or the House of Representatives or the Senate or the administration of justice;"
1585,TRINIDAD AND TOBAGO,"(b) to excite any person to attempt, otherwise than by lawful means, to procure the alteration of any matter in the State by law established;"
1586,TRINIDAD AND TOBAGO,(c) to raise discontent or disaffection amongst inhabitants of Trinidad and Tobago;
1587,TRINIDAD AND TOBAGO,"(d) to engender or promote— (i) feelings of ill-will or hostility between one or more sections of the community on the one hand and any other section or sections of the community on the other hand; or (ii) feelings of ill-will towards, hostility to or contempt for any class of inhabitants of Trinidad and Tobago distinguished by race, colour, religion, profession, calling or employment; or"
1588,TRINIDAD AND TOBAGO,"(e) to advocate or promote, with intent to destroy in whole or in part any identifiable group, the commission of any of the following acts, namely: (i) killing members of the group; or (ii) deliberately inflicting on the group conditions of life calculated to bring about its physical destruction."
1589,TRINIDAD AND TOBAGO,Article 7:
1590,TRINIDAD AND TOBAGO,"(1) Where on the application of the Director of Public Prosecutions it is shown to the satisfaction of the Court that the issue or circulation of a seditious publication is or, if commenced or continued, would be likely to lead to unlawful violence, or appears to have the object of promoting feelings of hostility between different classes or races of the community, the Court shall make an order (in this Act called a “prohibition order”) prohibiting the issue and circulation of that publication (in this Act called a “prohibited publication”) and requiring every person having any copy of the prohibited publication in his possession, power, or control forthwith to deliver every such copy into the custody of the Police."
1591,TRINIDAD AND TOBAGO,"


Status of country in relation to the ICCPR



Accession
Succession
Ratification
Declaration/Reservation to Article 20(2)


Trinidad and Tobago
x


No


"
1592,TRINIDAD AND TOBAGO, 
