index,Country,Legislation
1593,TUNISIA,Tunisian Anti-Terrorism and the Prevention of Money Laundering Act 2017
1594,TUNISIA,"Article 14(8) provides that it is a crime for anyone to accuse someone else of not being a believer or to promote hatred between races, religions or creeds."
1595,TUNISIA,The Tunisian Criminal Code provides for the penalties for the above:
1596,TUNISIA,imprisonment of between one to five years and a fine of five to ten thousand Dinars. The penalty increases to up to twenty years’ imprisonment and a fine of one hundred thousand Dinars if the acts lead to physical damage.
1597,TUNISIA,Basic Law on Elections 2014
1598,TUNISIA,"Article 52 includes a set of principles governing election campaigns, including not to call for hate, violence, intolerance and discrimination."
1599,TUNISIA,"Article 56 prohibits any electoral propaganda that includes a call to hatred, violence, intolerance or discrimination."
1600,TUNISIA,Article 195 provides that the punishment for violation of these rules is imprisonment of six months to one year.
1601,TUNISIA,"The Press and Publication Law provides for imprisonment of up to three years and a fine of one to two thousand Dinars for anyone who calls directly for hatred between races, religions or ethnic groups, incitement to discrimination, the use of aggressive means, or dissemination of ideas based on racial discrimination."
1602,TUNISIA,Information taken from a secondary source (MEDMEDIA).
1603,TUNISIA,"


Status of country in relation to the ICCPR



Accession
Succession
Ratification
Declaration/Reservation to Article 20(2)


Tunisia
x


No


"
1604,TUNISIA,Back to the top
1605,TUNISIA,
1606,TUNISIA,
