index,Country,Legislation
1615,TURKMENISTAN,Criminal Code
1616,TURKMENISTAN,"Article 177: Incitement of social, ethnic or religious hatred "
1617,TURKMENISTAN,"(1) Intentional acts aimed at inciting social, national, ethnic, racial or religious enmity or discord, humiliation of ethnic dignity, as well as propaganda exclusivity or inferiority of citizens on the basis of their attitudes towards religion, social, national, ethnic or racial"
1618,TURKMENISTAN,"characteristics, are punished with a fine ranging from twenty to forty average monthly"
1619,TURKMENISTAN,wages or imprisonment of up to three years.
1620,TURKMENISTAN,(2) The same acts committed using the mass media are punished with a fine of twenty-five to fifty average monthly wages or imprisonment for a period of two to four years.
1621,TURKMENISTAN,"(3) The acts provided for in the first and second part of this article committed with the use of physical violence or with the threat of its use, as well as those committed by an organized group, are punished with imprisonment of three to eight years."
1622,TURKMENISTAN,"


Status of country in relation to the ICCPR



Accession
Succession
Ratification
Declaration/Reservation to Article 20(2)


Turkmenistan
x


No


"
1623,TURKMENISTAN,Back to the top
1624,TURKMENISTAN,
1625,TURKMENISTAN,
