index,Country,Legislation
1607,TURKEY,Criminal Code:
1608,TURKEY,Article 216: Provoking people to be rancorous and hostile
1609,TURKEY,"(1) Any person who openly provokes a group of people belonging to a different social class, religion, race, sect, or coming from another origin, to be rancorous or hostile against another group, is punished with imprisonment of one year to three years in case such act causes risk from the aspect of public safety."
1610,TURKEY,"(2) Any person who openly humiliates another person just because he belongs to a different social class, religion, race, sect, or comes from another origin, is punished with imprisonment of six months to one year."
1611,TURKEY,"


Status of country in relation to the ICCPR



Accession
Succession
Ratification
Declaration/Reservation to Article 20(2)


Turkey


x
No


"
1612,TURKEY,Back to the top
1613,TURKEY,
1614,TURKEY,
