index,Country,Legislation
1630,UGANDA,Criminal Code
1631,UGANDA,Article 41. Promoting sectarianism: 
1632,UGANDA,"(1) A person who prints, publishes, makes or utters any statement or does any act which is likely to degrade, revile or expose to hatred or contempt; create alienation or despondency of; raise discontent or disaffection among; or promote, in any other way, feelings of ill will or hostility among or against any group or body of persons on account of religion, tribe or ethnic or regional origin commits an offence and is liable on conviction to imprisonment for a term not exceeding five years. (2) It shall be a defence to a charge under subsection (1) if the statement was printed, published, made or uttered, or the act was done with a view to exposing, discouraging or eliminating matters which promote or have a tendency to promote sectarianism. (3) Sections 42, 43 and 44 shall apply to a charge under subsection (1)."
1633,UGANDA,"


Status of country in relation to the ICCPR



Accession
Succession
Ratification
Declaration/Reservation to Article 20(2)


Uganda
x


No


"
1634,UGANDA,Back to the top
1635,UGANDA,
1636,UGANDA,
