index,Country,Legislation
1637,UKRAINE,Criminal Code
1638,UKRAINE,"Article 161: Violation of citizens’ equality based on their race, nationality or religious preferences "
1639,UKRAINE,"1. Wilful actions inciting national, racial or religious enmity and hatred, humiliation of national honour and dignity, or the insult of citizens’ feelings in respect to their religious convictions, and also any direct or indirect restriction of rights, or granting direct or indirect privileges to citizens based on race, colour of skin, political, religious and other convictions, sex, ethnic and social origin, property status, place of residence, linguistic or other characteristics, shall be punishable by a fine of up to 50 tax-free minimum incomes, or correctional labour for a term up to two years, or restraint of liberty for a term of up to five years, with or without the deprivation of the right to occupy certain positions or engage in certain activities for a term up to three years."
1640,UKRAINE,"2. The same actions accompanied with violence, deception or threats, and also committed by an official, shall be punishable by correctional labour for a term up to two years, or imprisonment for a term up to five years."
1641,UKRAINE,"3. Any such actions as provided for by paragraph 1 or 2 of this Article, if committed by an organized group of persons, or where they caused death of people or other grave consequences, shall be punishable by imprisonment for a term of two to five years."
1642,UKRAINE,"


Status of country in relation to the ICCPR



Accession
Succession
Ratification
Declaration/Reservation to Article 20(2)


Ukraine


x
No


"
1643,UKRAINE,Back to the top
1644,UKRAINE,
1645,UKRAINE,
