index,Country,Legislation
1652,UNITED KINGDOM OF GREAT BRITAIN AND NORTHERN IRELAND,Public Order Act 1986
1653,UNITED KINGDOM OF GREAT BRITAIN AND NORTHERN IRELAND,Part III Racial Hatred
1654,UNITED KINGDOM OF GREAT BRITAIN AND NORTHERN IRELAND,Acts intended or likely to stir up racial hatred
1655,UNITED KINGDOM OF GREAT BRITAIN AND NORTHERN IRELAND,Section 18 Use of words or behaviour or display of written material.
1656,UNITED KINGDOM OF GREAT BRITAIN AND NORTHERN IRELAND,"(1) A person who uses threatening, abusive or insulting words or behaviour, or displays any written material which is threatening, abusive or insulting, is guilty of an offence if—"
1657,UNITED KINGDOM OF GREAT BRITAIN AND NORTHERN IRELAND,"(a)he intends thereby to stir up racial hatred, or"
1658,UNITED KINGDOM OF GREAT BRITAIN AND NORTHERN IRELAND,(b)having regard to all the circumstances racial hatred is likely to be stirred up thereby.
1659,UNITED KINGDOM OF GREAT BRITAIN AND NORTHERN IRELAND,"(2) An offence under this section may be committed in a public or a private place, except that no offence is committed where the words or behaviour are used, or the written material is displayed, by a person inside a dwelling and are not heard or seen except by other persons in that or another dwelling."
1660,UNITED KINGDOM OF GREAT BRITAIN AND NORTHERN IRELAND,"(4) In proceedings for an offence under this section it is a defence for the accused to prove that he was inside a dwelling and had no reason to believe that the words or behaviour used, or the written material displayed, would be heard or seen by a person outside that or any other dwelling."
1661,UNITED KINGDOM OF GREAT BRITAIN AND NORTHERN IRELAND,"(5) A person who is not shown to have intended to stir up racial hatred is not guilty of an offence under this section if he did not intend his words or behaviour, or the written material, to be, and was not aware that it might be, threatening, abusive or insulting."
1662,UNITED KINGDOM OF GREAT BRITAIN AND NORTHERN IRELAND,"(6) This section does not apply to words or behaviour used, or written material displayed, solely for the purpose of being included in a programme [included in a programme service]."
1663,UNITED KINGDOM OF GREAT BRITAIN AND NORTHERN IRELAND,Section 19 Publishing or distributing written material.
1664,UNITED KINGDOM OF GREAT BRITAIN AND NORTHERN IRELAND,"(1)A person who publishes or distributes written material which is threatening, abusive or insulting is guilty of an offence if—"
1665,UNITED KINGDOM OF GREAT BRITAIN AND NORTHERN IRELAND,"(a)he intends thereby to stir up racial hatred, or"
1666,UNITED KINGDOM OF GREAT BRITAIN AND NORTHERN IRELAND,(b)having regard to all the circumstances racial hatred is likely to be stirred up thereby.
1667,UNITED KINGDOM OF GREAT BRITAIN AND NORTHERN IRELAND,"(2) In proceedings for an offence under this section it is a defence for an accused who is not shown to have intended to stir up racial hatred to prove that he was not aware of the content of the material and did not suspect, and had no reason to suspect, that it was threatening, abusive or insulting."
1668,UNITED KINGDOM OF GREAT BRITAIN AND NORTHERN IRELAND,(3) References in this Part to the publication or distribution of written material are to its publication or distribution to the public or a section of the public.
1669,UNITED KINGDOM OF GREAT BRITAIN AND NORTHERN IRELAND,Section 20 Public performance of play.
1670,UNITED KINGDOM OF GREAT BRITAIN AND NORTHERN IRELAND,"(1) If a public performance of a play is given which involves the use of threatening, abusive or insulting words or behaviour, any person who presents or directs the performance is guilty of an offence if—"
1671,UNITED KINGDOM OF GREAT BRITAIN AND NORTHERN IRELAND,"(a)he intends thereby to stir up racial hatred, or"
1672,UNITED KINGDOM OF GREAT BRITAIN AND NORTHERN IRELAND,"(b)having regard to all the circumstances (and, in particular, taking the performance as a whole) racial hatred is likely to be stirred up thereby."
1673,UNITED KINGDOM OF GREAT BRITAIN AND NORTHERN IRELAND,"(2) If a person presenting or directing the performance is not shown to have intended to stir up racial hatred, it is a defence for him to prove—"
1674,UNITED KINGDOM OF GREAT BRITAIN AND NORTHERN IRELAND,"(a) that he did not know and had no reason to suspect that the performance would involve the use of the offending words or behaviour, or"
1675,UNITED KINGDOM OF GREAT BRITAIN AND NORTHERN IRELAND,"(b) that he did not know and had no reason to suspect that the offending words or behaviour were threatening, abusive or insulting, or"
1676,UNITED KINGDOM OF GREAT BRITAIN AND NORTHERN IRELAND,(c) that he did not know and had no reason to suspect that the circumstances in which the performance would be given would be such that racial hatred would be likely to be stirred up.
1677,UNITED KINGDOM OF GREAT BRITAIN AND NORTHERN IRELAND,(3) This section does not apply to a performance given solely or primarily for one or more of the following purposes—
1678,UNITED KINGDOM OF GREAT BRITAIN AND NORTHERN IRELAND,"(a) rehearsal,"
1679,UNITED KINGDOM OF GREAT BRITAIN AND NORTHERN IRELAND,"(b) making a recording of the performance, or"
1680,UNITED KINGDOM OF GREAT BRITAIN AND NORTHERN IRELAND,(c) enabling the performance to be [included in a programme service];
1681,UNITED KINGDOM OF GREAT BRITAIN AND NORTHERN IRELAND,"but if it is proved that the performance was attended by persons other than those directly connected with the giving of the performance or the doing in relation to it of the things mentioned in paragraph (b) or (c), the performance shall, unless the contrary is shown, be taken not to have been given solely or primarily for the purposes mentioned above."
1682,UNITED KINGDOM OF GREAT BRITAIN AND NORTHERN IRELAND,(4) For the purposes of this section—
1683,UNITED KINGDOM OF GREAT BRITAIN AND NORTHERN IRELAND,"(a)a person shall not be treated as presenting a performance of a play by reason only of his taking part in it as a performer,"
1684,UNITED KINGDOM OF GREAT BRITAIN AND NORTHERN IRELAND,"(b) a person taking part as a performer in a performance directed by another shall be treated as a person who directed the performance if without reasonable excuse he performs otherwise than in accordance with that person’s direction, and"
1685,UNITED KINGDOM OF GREAT BRITAIN AND NORTHERN IRELAND,(c) a person shall be taken to have directed a performance of a play given under his direction notwithstanding that he was not present during the performance;
1686,UNITED KINGDOM OF GREAT BRITAIN AND NORTHERN IRELAND,and a person shall not be treated as aiding or abetting the commission of an offence under this section by reason only of his taking part in a performance as a performer.
1687,UNITED KINGDOM OF GREAT BRITAIN AND NORTHERN IRELAND,(5) In this section “play” and “public performance” have the same meaning as in the Theatres Act 1968.
1688,UNITED KINGDOM OF GREAT BRITAIN AND NORTHERN IRELAND,(6) The following provisions of the Theatres Act 1968 apply in relation to an offence under this section as they apply to an offence under section 2 of that Act—
1689,UNITED KINGDOM OF GREAT BRITAIN AND NORTHERN IRELAND,"
section 9 (script as evidence of what was performed),
section 10 (power to make copies of script),
section 15 (powers of entry and inspection).
"
1690,UNITED KINGDOM OF GREAT BRITAIN AND NORTHERN IRELAND,"Section 21 Distributing, showing or playing a recording."
1691,UNITED KINGDOM OF GREAT BRITAIN AND NORTHERN IRELAND,"(1) A person who distributes, or shows or plays, a recording of visual images or sounds which are threatening, abusive or insulting is guilty of an offence if—"
1692,UNITED KINGDOM OF GREAT BRITAIN AND NORTHERN IRELAND,"(a) he intends thereby to stir up racial hatred, or"
1693,UNITED KINGDOM OF GREAT BRITAIN AND NORTHERN IRELAND,(b) having regard to all the circumstances racial hatred is likely to be stirred up thereby.
1694,UNITED KINGDOM OF GREAT BRITAIN AND NORTHERN IRELAND,"(2) In this Part “recording” means any record from which visual images or sounds may, by any means, be reproduced; and references to the distribution, showing or playing of a recording are to its distribution, showing or playing of a recording are to its distribution, showing or playing to the public or a section of the public."
1695,UNITED KINGDOM OF GREAT BRITAIN AND NORTHERN IRELAND,"(3) In proceedings for an offence under this section it is a defence for an accused who is not shown to have intended to stir up racial hatred to prove that he was not aware of the content of the recording and did not suspect, and had no reason to suspect, that it was threatening, abusive or insulting."
1696,UNITED KINGDOM OF GREAT BRITAIN AND NORTHERN IRELAND,(4) This section does not apply to the showing or playing of a recording solely for the purpose of enabling the recording to be included in a programme service.
1697,UNITED KINGDOM OF GREAT BRITAIN AND NORTHERN IRELAND,Section 22 Broadcasting or including programme in cable programme service.
1698,UNITED KINGDOM OF GREAT BRITAIN AND NORTHERN IRELAND,"(1) If a programme involving threatening, abusive or insulting visual images or sounds is included in a programme service], each of the persons mentioned in subsection (2) is guilty of an offence if—"
1699,UNITED KINGDOM OF GREAT BRITAIN AND NORTHERN IRELAND,"(a)he intends thereby to stir up racial hatred, or"
1700,UNITED KINGDOM OF GREAT BRITAIN AND NORTHERN IRELAND,(b)having regard to all the circumstances racial hatred is likely to be stirred up thereby.
1701,UNITED KINGDOM OF GREAT BRITAIN AND NORTHERN IRELAND,(2) The persons are—
1702,UNITED KINGDOM OF GREAT BRITAIN AND NORTHERN IRELAND,"(a)the person providing the programme service,"
1703,UNITED KINGDOM OF GREAT BRITAIN AND NORTHERN IRELAND,"(b)any person by whom the programme is produced or directed, and"
1704,UNITED KINGDOM OF GREAT BRITAIN AND NORTHERN IRELAND,(c)any person by whom offending words or behaviour are used.
1705,UNITED KINGDOM OF GREAT BRITAIN AND NORTHERN IRELAND,"(3) If the person providing the service, or a person by whom the programme was produced or directed, is not shown to have intended to stir up racial hatred, it is a defence for him to prove that—"
1706,UNITED KINGDOM OF GREAT BRITAIN AND NORTHERN IRELAND,"(a)he did not know and had no reason to suspect that the programme would involve the offending material, and"
1707,UNITED KINGDOM OF GREAT BRITAIN AND NORTHERN IRELAND,"(b)having regard to the circumstances in which the programme was [included in a programme service], it was not reasonably practicable for him to secure the removal of the material."
1708,UNITED KINGDOM OF GREAT BRITAIN AND NORTHERN IRELAND,(4) It is a defence for a person by whom the programme was produced or directed who is not shown to have intended to stir up racial hatred to prove that he did not know and had no reason to suspect—
1709,UNITED KINGDOM OF GREAT BRITAIN AND NORTHERN IRELAND,"(a)that the programme would be [included in a programme service], or"
1710,UNITED KINGDOM OF GREAT BRITAIN AND NORTHERN IRELAND,(b)that the circumstances in which the programme would be so included would be such that racial hatred would be likely to be stirred up.
1711,UNITED KINGDOM OF GREAT BRITAIN AND NORTHERN IRELAND,(5) It is a defence for a person by whom offending words or behaviour were used and who is not shown to have intended to stir up racial hatred to prove that he did not know and had no reason to suspect—
1712,UNITED KINGDOM OF GREAT BRITAIN AND NORTHERN IRELAND,"(a)that a programme involving the use of the offending material would be [included in a programme service], or"
1713,UNITED KINGDOM OF GREAT BRITAIN AND NORTHERN IRELAND,"(b)that the circumstances in which a programme involving the use of the offending material would be so included, or in which a programme . . . so included would involve the use of the offending material, would be such that racial hatred would be likely to be stirred up."
1714,UNITED KINGDOM OF GREAT BRITAIN AND NORTHERN IRELAND,"(6) A person who is not shown to have intended to stir up racial hatred is not guilty of an offence under this section if he did not know, and had no reason to suspect, that the offending material was threatening, abusive or insulting."
1715,UNITED KINGDOM OF GREAT BRITAIN AND NORTHERN IRELAND,Racially inflammatory material
1716,UNITED KINGDOM OF GREAT BRITAIN AND NORTHERN IRELAND,Section 23 Possession of racially inflammatory material.
1717,UNITED KINGDOM OF GREAT BRITAIN AND NORTHERN IRELAND,"(1) A person who has in his possession written material which is threatening, abusive or insulting, or a recording of visual images or sounds which are threatening, abusive or insulting, with a view to—"
1718,UNITED KINGDOM OF GREAT BRITAIN AND NORTHERN IRELAND,"(a)in the case of written material, its being displayed, published, distributed, [or included in a cable programme service], whether by himself or another, or"
1719,UNITED KINGDOM OF GREAT BRITAIN AND NORTHERN IRELAND,"(b)in the case of a recording, its being distributed, shown, played, [or included in a cable programme service], whether by himself or another,"
1720,UNITED KINGDOM OF GREAT BRITAIN AND NORTHERN IRELAND,"is guilty of an offence if he intends racial hatred to be stirred up thereby or, having regard to all the circumstances, racial hatred is likely to be stirred up thereby."
1721,UNITED KINGDOM OF GREAT BRITAIN AND NORTHERN IRELAND,"(2) For this purpose regard shall be had to such display, publication, distribution, showing, playing, [or inclusion in a programme service] as he has, or it may reasonably be inferred that he has, in view."
1722,UNITED KINGDOM OF GREAT BRITAIN AND NORTHERN IRELAND,"(3) In proceedings for an offence under this section it is a defence for an accused who is not shown to have intended to stir up racial hatred to prove that he was not aware of the content of the written material or recording and did not suspect, and had no reason to suspect, that it was threatening, abusive or insulting."
1723,UNITED KINGDOM OF GREAT BRITAIN AND NORTHERN IRELAND,Part 3A Hatred against persons on religious grounds
1724,UNITED KINGDOM OF GREAT BRITAIN AND NORTHERN IRELAND,Acts intended to stir up religious hatred
1725,UNITED KINGDOM OF GREAT BRITAIN AND NORTHERN IRELAND,Section 29B: Use of words or behaviour or display of written material
1726,UNITED KINGDOM OF GREAT BRITAIN AND NORTHERN IRELAND,"(1) A person who uses threatening words or behaviour, or displays any written material which is threatening, is guilty of an offence if he intends thereby to stir up religious hatred."
1727,UNITED KINGDOM OF GREAT BRITAIN AND NORTHERN IRELAND,"(2) An offence under this section may be committed in a public or a private place, except that no offence is committed where the words or behaviour are used, or the written material is displayed, by a person inside a dwelling and are not heard or seen except by other persons in that or another dwelling."
1728,UNITED KINGDOM OF GREAT BRITAIN AND NORTHERN IRELAND,(3) A constable may arrest without warrant anyone he reasonably suspects is committing an offence under this section.
1729,UNITED KINGDOM OF GREAT BRITAIN AND NORTHERN IRELAND,"(4) In proceedings for an offence under this section it is a defence for the accused to prove that he was inside a dwelling and had no reason to believe that the words or behaviour used, or the written material displayed, would be heard or seen by a person outside that or any other dwelling."
1730,UNITED KINGDOM OF GREAT BRITAIN AND NORTHERN IRELAND,"(5) This section does not apply to words or behaviour used, or written material displayed, solely for the purpose of being included in a programme service."
1731,UNITED KINGDOM OF GREAT BRITAIN AND NORTHERN IRELAND,29C Publishing or distributing written material
1732,UNITED KINGDOM OF GREAT BRITAIN AND NORTHERN IRELAND,(1) A person who publishes or distributes written material which is threatening is guilty of an offence if he intends thereby to stir up religious hatred.
1733,UNITED KINGDOM OF GREAT BRITAIN AND NORTHERN IRELAND,(2) References in this Part to the publication or distribution of written material are to its publication or distribution to the public or a section of the public.
1734,UNITED KINGDOM OF GREAT BRITAIN AND NORTHERN IRELAND,Section 29D: Public performance of play
1735,UNITED KINGDOM OF GREAT BRITAIN AND NORTHERN IRELAND,"(1) If a public performance of a play is given which involves the use of threatening words or behaviour, any person who presents or directs the performance is guilty of an offence if he intends thereby to stir up religious hatred."
1736,UNITED KINGDOM OF GREAT BRITAIN AND NORTHERN IRELAND,(2) This section does not apply to a performance given solely or primarily for one or more of the following purposes—
1737,UNITED KINGDOM OF GREAT BRITAIN AND NORTHERN IRELAND,"(a)rehearsal,"
1738,UNITED KINGDOM OF GREAT BRITAIN AND NORTHERN IRELAND,"(b)making a recording of the performance, or"
1739,UNITED KINGDOM OF GREAT BRITAIN AND NORTHERN IRELAND,(c)enabling the performance to be included in a programme service;
1740,UNITED KINGDOM OF GREAT BRITAIN AND NORTHERN IRELAND,"but if it is proved that the performance was attended by persons other than those directly connected with the giving of the performance or the doing in relation to it of the things mentioned in paragraph (b) or (c), the performance shall, unless the contrary is shown, be taken not to have been given solely or primarily for the purpose mentioned above."
1741,UNITED KINGDOM OF GREAT BRITAIN AND NORTHERN IRELAND,(3) For the purposes of this section—
1742,UNITED KINGDOM OF GREAT BRITAIN AND NORTHERN IRELAND,"(a)a person shall not be treated as presenting a performance of a play by reason only of his taking part in it as a performer,"
1743,UNITED KINGDOM OF GREAT BRITAIN AND NORTHERN IRELAND,"(b)a person taking part as a performer in a performance directed by another shall be treated as a person who directed the performance if without reasonable excuse he performs otherwise than in accordance with that person’s direction, and"
1744,UNITED KINGDOM OF GREAT BRITAIN AND NORTHERN IRELAND,(c)a person shall be taken to have directed a performance of a play given under his direction notwithstanding that he was not present during the performance;
1745,UNITED KINGDOM OF GREAT BRITAIN AND NORTHERN IRELAND,and a person shall not be treated as aiding or abetting the commission of an offence under this section by reason only of his taking part in a performance as a performer.
1746,UNITED KINGDOM OF GREAT BRITAIN AND NORTHERN IRELAND,(4) In this section “play” and “public performance” have the same meaning as in the Theatres Act 1968.
1747,UNITED KINGDOM OF GREAT BRITAIN AND NORTHERN IRELAND,(5) The following provisions of the Theatres Act 1968 apply in relation to an offence under this section as they apply to an offence under section 2 of that Act—
1748,UNITED KINGDOM OF GREAT BRITAIN AND NORTHERN IRELAND,"
section 9 (script as evidence of what was performed),
section 10 (power to make copies of script),
section 15 (powers of entry and inspection).
"
1749,UNITED KINGDOM OF GREAT BRITAIN AND NORTHERN IRELAND,"Section 29E Distributing, showing or playing a recording"
1750,UNITED KINGDOM OF GREAT BRITAIN AND NORTHERN IRELAND,"(1) A person who distributes, or shows or plays, a recording of visual images or sounds which are threatening is guilty of an offence if he intends thereby to stir up religious hatred."
1751,UNITED KINGDOM OF GREAT BRITAIN AND NORTHERN IRELAND,"(2) In this Part “recording” means any record from which visual images or sounds may, by any means, be reproduced; and references to the distribution, showing or playing of a recording are to its distribution, showing or playing to the public or a section of the public."
1752,UNITED KINGDOM OF GREAT BRITAIN AND NORTHERN IRELAND,(3) This section does not apply to the showing or playing of a recording solely for the purpose of enabling the recording to be included in a programme service.
1753,UNITED KINGDOM OF GREAT BRITAIN AND NORTHERN IRELAND,Section 29F Broadcasting or including programme in programme service
1754,UNITED KINGDOM OF GREAT BRITAIN AND NORTHERN IRELAND,"(1) If a programme involving threatening visual images or sounds is included in a programme service, each of the persons mentioned in subsection (2) is guilty of an offence if he intends thereby to stir up religious hatred."
1755,UNITED KINGDOM OF GREAT BRITAIN AND NORTHERN IRELAND,(2) The persons are—
1756,UNITED KINGDOM OF GREAT BRITAIN AND NORTHERN IRELAND,"(a)the person providing the programme service,"
1757,UNITED KINGDOM OF GREAT BRITAIN AND NORTHERN IRELAND,"(b)any person by whom the programme is produced or directed, and"
1758,UNITED KINGDOM OF GREAT BRITAIN AND NORTHERN IRELAND,(c)any person by whom offending words or behaviour are used.
1759,UNITED KINGDOM OF GREAT BRITAIN AND NORTHERN IRELAND,Inflammatory material
1760,UNITED KINGDOM OF GREAT BRITAIN AND NORTHERN IRELAND,Section 29G Possession of inflammatory material
1761,UNITED KINGDOM OF GREAT BRITAIN AND NORTHERN IRELAND,"(1) A person who has in his possession written material which is threatening, or a recording of visual images or sounds which are threatening, with a view to—"
1762,UNITED KINGDOM OF GREAT BRITAIN AND NORTHERN IRELAND,"(a)in the case of written material, its being displayed, published, distributed, or included in a programme service whether by himself or another, or"
1763,UNITED KINGDOM OF GREAT BRITAIN AND NORTHERN IRELAND,"(b)in the case of a recording, its being distributed, shown, played, or included in a programme service, whether by himself or another,"
1764,UNITED KINGDOM OF GREAT BRITAIN AND NORTHERN IRELAND,is guilty of an offence if he intends religious hatred to be stirred up thereby.
1765,UNITED KINGDOM OF GREAT BRITAIN AND NORTHERN IRELAND,"(2) For this purpose regard shall be had to such display, publication, distribution, showing, playing, or inclusion in a programme service as he has, or it may reasonably be inferred that he has, in view."
1766,UNITED KINGDOM OF GREAT BRITAIN AND NORTHERN IRELAND,Section 29H: Powers of entry and search
1767,UNITED KINGDOM OF GREAT BRITAIN AND NORTHERN IRELAND,"(1) If in England and Wales a justice of the peace is satisfied by information on oath laid by a constable that there are reasonable grounds for suspecting that a person has possession of written material or a recording in contravention of section 29G, the justice may issue a warrant under his hand authorising any constable to enter and search the premises where it is suspected the material or recording is situated."
1768,UNITED KINGDOM OF GREAT BRITAIN AND NORTHERN IRELAND,"(2) If in Scotland a sheriff or justice of the peace is satisfied by evidence on oath that there are reasonable grounds for suspecting that a person has possession of written material or a recording in contravention of section 29G, the sheriff or justice may issue a warrant authorising any constable to enter and search the premises where it is suspected the material or recording is situated."
1769,UNITED KINGDOM OF GREAT BRITAIN AND NORTHERN IRELAND,(3) A constable entering or searching premises in pursuance of a warrant issued under this section may use reasonable force if necessary.
1770,UNITED KINGDOM OF GREAT BRITAIN AND NORTHERN IRELAND,"(4) In this section “premises” means any place and, in particular, includes—"
1771,UNITED KINGDOM OF GREAT BRITAIN AND NORTHERN IRELAND,"(a)any vehicle, vessel, aircraft or hovercraft,"
1772,UNITED KINGDOM OF GREAT BRITAIN AND NORTHERN IRELAND,"(b)any offshore installation as defined in section 12 of the Mineral Workings (Offshore Installations) Act 1971, and"
1773,UNITED KINGDOM OF GREAT BRITAIN AND NORTHERN IRELAND,(c)any tent or movable structure.
1774,UNITED KINGDOM OF GREAT BRITAIN AND NORTHERN IRELAND,Section 29I: Power to order forfeiture
1775,UNITED KINGDOM OF GREAT BRITAIN AND NORTHERN IRELAND,(1) A court by or before which a person is convicted of—
1776,UNITED KINGDOM OF GREAT BRITAIN AND NORTHERN IRELAND,"(a)an offence under section 29B relating to the display of written material, or"
1777,UNITED KINGDOM OF GREAT BRITAIN AND NORTHERN IRELAND,"(b)an offence under section 29C, 29E or 29G,"
1778,UNITED KINGDOM OF GREAT BRITAIN AND NORTHERN IRELAND,shall order to be forfeited any written material or recording produced to the court and shown to its satisfaction to be written material or a recording to which the offence relates.
1779,UNITED KINGDOM OF GREAT BRITAIN AND NORTHERN IRELAND,(2) An order made under this section shall not take effect—
1780,UNITED KINGDOM OF GREAT BRITAIN AND NORTHERN IRELAND,"(a)in the case of an order made in proceedings in England and Wales, until the expiry of the ordinary time within which an appeal may be instituted or, where an appeal is duly instituted, until it is finally decided or abandoned;"
1781,UNITED KINGDOM OF GREAT BRITAIN AND NORTHERN IRELAND,"(b)in the case of an order made in proceedings in Scotland, until the expiration of the time within which, by virtue of any statute, an appeal may be instituted or, where such an appeal is duly instituted, until the appeal is finally decided or abandoned."
1782,UNITED KINGDOM OF GREAT BRITAIN AND NORTHERN IRELAND,(3) For the purposes of subsection (2)(a)—
1783,UNITED KINGDOM OF GREAT BRITAIN AND NORTHERN IRELAND,"(a)an application for a case stated or for leave to appeal shall be treated as the institution of an appeal, and"
1784,UNITED KINGDOM OF GREAT BRITAIN AND NORTHERN IRELAND,"(b)where a decision on appeal is subject to a further appeal, the appeal is not finally determined until the expiry of the ordinary time within which a further appeal may be instituted or, where a further appeal is duly instituted, until the further appeal is finally decided or abandoned."
1785,UNITED KINGDOM OF GREAT BRITAIN AND NORTHERN IRELAND,(4) For the purposes of subsection (2)(b) the lodging of an application for a stated case or note of appeal against sentence shall be treated as the institution of an appeal.
1786,UNITED KINGDOM OF GREAT BRITAIN AND NORTHERN IRELAND,Section 29J Protection of freedom of expression
1787,UNITED KINGDOM OF GREAT BRITAIN AND NORTHERN IRELAND,"Nothing in this Part shall be read or given effect in a way which prohibits or restricts discussion, criticism or expressions of antipathy, dislike, ridicule, insult or abuse of particular religions or the beliefs or practices of their adherents, or of any other belief system or the beliefs or practices of its adherents, or proselytising or urging adherents of a different religion or belief system to cease practising their religion or belief system."
1788,UNITED KINGDOM OF GREAT BRITAIN AND NORTHERN IRELAND,"


Status of country in relation to the ICCPR



Accession
Succession
Ratification
Declaration/Reservation to Article 20(2)


United Kingdom of Great Britain and Northern Ireland


x

Yes (Reservation)
The Government of the United Kingdom interpret article 20 consistently with the rights conferred by articles 19 and 21 of the Covenant and having legislated in matters of practical concern in the interests of public order (ordre public) reserve the right not to introduce any further legislation. The United Kingdom also reserve a similar right in regard to each of its dependent territories.


"
1789,UNITED KINGDOM OF GREAT BRITAIN AND NORTHERN IRELAND,Back to the top
1790,UNITED KINGDOM OF GREAT BRITAIN AND NORTHERN IRELAND,
1791,UNITED KINGDOM OF GREAT BRITAIN AND NORTHERN IRELAND,
