index,Country,Legislation
1804,UZBEKISTAN,Criminal Code
1805,UZBEKISTAN,"Article 156. Incitement of Ethnic, Racial or Religious Hatred"
1806,UZBEKISTAN,"Intentional acts, humiliating ethnic honor and dignity and insulting religious or atheistic feelings of individuals, carried out with the purpose of incitement of hatred, intolerance, or division on a national, ethnic, racial, or religious basis, as well as explicit or implicit setting limitation of rights or preferences on the basis of national, racial, or ethnic origin, or religious beliefs –"
1807,UZBEKISTAN,shall be punished with imprisonment up to five years.
1808,UZBEKISTAN,The same actions committed:
1809,UZBEKISTAN,a) in a way dangerous to lives of other persons;
1810,UZBEKISTAN,b) with infliction of serious bodily injuries;
1811,UZBEKISTAN,c) with forced eviction of individuals from the places of their permanent residence;
1812,UZBEKISTAN,d) by an authorized official;
1813,UZBEKISTAN,e) by previous concert or by a group of individuals –
1814,UZBEKISTAN,shall be punished with imprisonment from five to ten years.
1815,UZBEKISTAN,"


Status of country in relation to the ICCPR 



Accession
Succession
Ratification
Declaration/Reservation to Article 20(2)


Uzbekistan
x


No


"
1816,UZBEKISTAN,Back to the top
1817,UZBEKISTAN,
1818,UZBEKISTAN,
