index,Country,Legislation
1824,VENEZEULA,The Constitutional Law against Hatred for Peaceful Coexistence
1825,VENEZEULA,Prohibition of war propaganda and messages of intolerance and hatred
1826,VENEZEULA,"Article 13: All propaganda and messages in favour of war and all advocacy of hatred on the grounds of nationality, race, ethnicity, religion, political or social origin, ideology, gender, sexual orientation, gender identity, gender expression and any other hatred constitutes incitement to discrimination, intolerance or violence is prohibited."
1827,VENEZEULA,"The State shall guarantee compliance with this provision as a priority in the service providers of radio, television, by subscription and printed, public, private and community media, as well as in electronic media."
1828,VENEZEULA,Article 14: Responsibility of Social Networks
1829,VENEZEULA,"The dissemination of messages through social networks and electronic media that promote war or incite hatred on the grounds of nationality, race, ethnicity, religion, political or social origin, ideology, gender, sexual orientation, gender identity, gender expression and on any other grounds that constitute incitement to discrimination, intolerance or violence is prohibited. The legal entities that administer social networks and electronic media are obliged to comply strictly with the provisions of this article and will adopt the appropriate measures to prevent the dissemination of these messages. To this end, they must immediately withdraw from its dissemination any propaganda or message that contravenes it."
1830,VENEZEULA,"


Status of country in relation to the ICCPR



Accession
Succession
Ratification
Declaration/Reservation to Article 20(2)


Venezuela


x
No


"
1831,VENEZEULA,Back to the top
1832,VENEZEULA,
1833,VENEZEULA,
