index,Country,Legislation
1854,ZIMBABWE,Constitution
1855,ZIMBABWE,Article 61:
1856,ZIMBABWE,Freedom of expression and freedom of the media exclude
1857,ZIMBABWE,"


Incitement to violence
Advocacy of hatred or hate


"
1858,ZIMBABWE,Criminal Code
1859,ZIMBABWE,"Article 42: Causing offence to persons of a particular race, religion, etc."
1860,ZIMBABWE,"(1) In this section— “creed or religion” means any system of beliefs associated with practices of worship that is adhered to by any significant body of persons in Zimbabwe or any other country; “film”, “picture”, “publication”, “record” and “statue” have the meanings assigned to those terms by section 2 of the Censorship and Entertainments Control Act [Chapter 10:04]; “publicly”, in relation to making a statement, means— (a) making the statement in a public place or any place to which the public or any section of the public have access; (b) publishing it in any printed or electronic medium for reception by the public; “statement” includes any act, gesture or form of expression, whether verbal, written or visual, but does not include any film, picture, publication, statue or record that is of a bona fide literary or artistic character."
1861,ZIMBABWE,"(2) Any person who publicly makes any insulting or otherwise grossly provocative statement that causes offence to persons of a particular race, tribe, place of origin, colour, creed or religion, intending to cause such offence or realising there is a real risk or possibility of doing so, shall be guilty of causing offence to persons of a particular race, tribe, place of origin, colour, creed or religion, as the case may be, and liable to a fine not exceeding level six or imprisonment for a period not exceeding one year or both"
1862,ZIMBABWE,"Article 37: Participating in gathering with intent to promote public violence, breaches of the peace or bigotry"
1863,ZIMBABWE,(1) Any person who—
1864,ZIMBABWE,(a) acts together with one or more other persons present with him or her in any place or at any meeting with the intention or realising that there is a real risk or possibility of forcibly –
1865,ZIMBABWE,"(i) disturbing the peace, security, utters any words or distributes or displays any writing, sign or other visible representation— (i) with the intention to engender, promote or expose to hatred, contempt or ridicule any group, section or class of persons in Zimbabwe solely on account of the race, tribe, nationality, place of origin, national or ethnic origin, colour, religion or gender of such group, section or class of persons; or (ii) realising that there is a risk or possibility that such behaviour might have an effect referred to in subparagraph (i); shall be guilty of participating in a gathering with intent to promote public violence, a breach of the peace or bigotry, as the case may be, and be liable to a fine not exceeding level ten or imprisonment for a period not exceeding five years or both."
1866,ZIMBABWE,"(2) The crime of participating in a gathering with intent to promote public violence, a breach of the peace or bigotry is committed whether the action constituting it is spontaneous or planned in advance, and whether the place or meeting where it occurred is public or private."
1867,ZIMBABWE,"(3) For the avoidance of doubt it is declared that where a person would be liable for contravening— (a) paragraph (a) or (b); or (b) paragraph (c); of subsection (1), but for the fact that the person acted alone in a public place, the competent charge is disorderly conduct in a public place or causing offence to persons of a particular race, tribe, place of origin, colour, creed or religion, as the case may be, and not a contravention of a provision referred to in paragraph (a) or (b)"
1868,ZIMBABWE,"


Status of country in relation to the ICCPR



Accession
Succession
Ratification
Declaration/Reservation to Article 20(2)


Zimbabwe
x


No


"
1869,ZIMBABWE,Back to the top
